№ ФП ;Код 1С (группа);Автор/авторский коллектив;Наименование учебника;Класс;Цена с доставкой (в т.ч. НДС), руб.
1.1.1.1.5.1;VEN000000000426153;Журова Л.Е., Евдокимова А.О.;Букварь. 1 класс. В 2 ч.;1;339,00
1.1.1.1.5.1;VEN000000000426140;Журова Л.Е., Евдокимова А.О.;Букварь. 1 класс. В 2 ч.;1;339,00
1.1.1.1.5.2;VEN000000000426117;Иванов С.В., Евдокимова А.О., Кузнецова М.И. / Под ред. Журовой Л.Е. и Иванова С.В.;Русский язык. 1 класс. ;1;339,00
1.1.1.1.5.3;DRF000000000722771;Иванов С.В., Евдокимова А.О., Кузнецова М.И., Петленко Л.В., Романова В.Ю. / Под ред. Иванова С.В. ;Русский язык. 2 класс. В 2 ч.;2;358,00
1.1.1.1.5.3;DRF000000000722772;Иванов С.В., Евдокимова А.О., Кузнецова М.И., Петленко Л.В., Романова В.Ю. / Под ред. Иванова С.В. ;Русский язык. 2 класс. В 2 ч.;2;358,00
1.1.1.1.5.4;VEN000000000426156;Иванов С.В., Евдокимова А.О., Кузнецова М.И., Петленко Л.В., Романова В.Ю;Русский язык. 3 класс. В 2 ч.;3;363,00
1.1.1.1.5.4;VEN000000000426146;Иванов С.В., Евдокимова А.О., Кузнецова М.И., Петленко Л.В., Романова В.Ю;Русский язык. 3 класс. В 2 ч.;3;363,00
1.1.1.1.5.5;VEN000000000426176;Иванов С.В., Кузнецова М.И., Петленко Л.В., Романова В.Ю.;Русский язык. 4 класс. В 2 ч.;4;363,00
1.1.1.1.5.5;VEN000000000426155;Иванов С.В., Кузнецова М.И., Петленко Л.В., Романова В.Ю.;Русский язык. 4 класс. В 2 ч.;4;363,00
1.1.1.2.2.1;VEN000000000425787;Ефросинина Л.А.;Литературное чтение. 1 класс. ;1;339,00
1.1.1.2.2.2;DRF000000000722787;Ефросинина Л.А.;Литературное чтение. 2 класс. В 2 ч.;2;358,00
1.1.1.2.2.2;DRF000000000722788;Ефросинина Л.А.;Литературное чтение. 2 класс. В 2 ч.;2;358,00
1.1.1.2.2.3;DRF000000000722793;Ефросинина Л.А., Оморокова М.И.;Литературное чтение. 3 класс. В 2 ч.;3;363,00
1.1.1.2.2.3;DRF000000000722794;Ефросинина Л.А., Оморокова М.И.;Литературное чтение. 3 класс. В 2 ч.;3;363,00
1.1.1.2.2.4;VEN000000000425842;Ефросинина Л.А., Оморокова М.И.;"Литературное чтение. 4 класс.  В 2 ч. ";4;363,00
1.1.1.2.2.4;VEN000000000425832;Ефросинина Л.А., Оморокова М.И.;"Литературное чтение. 4 класс.  В 2 ч. ";4;363,00
1.1.1.2.1.1;VEN000000000425851;Виноградова Н.Ф., Хомякова И.С., Сафонова И.В., Петрова В.И. / Под ред. Виноградовой Н.Ф.;Литературное чтение. 1 класс. В 2 ч.;1;334,00
1.1.1.2.1.1;VEN000000000425806;Виноградова Н.Ф., Хомякова И.С., Сафонова И.В., Петрова В.И. / Под ред. Виноградовой Н.Ф.;Литературное чтение. 1 класс. В 2 ч.;1;334,00
1.1.1.2.1.2;VEN000000000425777;Виноградова Н.Ф., Хомякова И.С., Сафонова И.В., Петрова В.И. / Под ред. Виноградовой Н.Ф.;Литературное чтение. 2 класс. В 2 ч.;2;342,00
1.1.1.2.1.2;VEN000000000425778;Виноградова Н.Ф., Хомякова И.С., Сафонова И.В., Петрова В.И. / Под ред. Виноградовой Н.Ф.;Литературное чтение. 2 класс. В 2 ч.;2;342,00
1.1.1.2.1.3;DRF000000000723285;Виноградова Н.Ф., Хомякова И.С., Сафонова И.В., Петрова В.И. / Под ред. Виноградовой Н.Ф.;Литературное чтение. 3 класс. В 2 ч.;3;351,00
1.1.1.2.1.3;DRF000000000723286;Виноградова Н.Ф., Хомякова И.С., Сафонова И.В., Петрова В.И. / Под ред. Виноградовой Н.Ф.;Литературное чтение. 3 класс. В 2 ч.;3;351,00
1.1.1.2.1.4;VEN000000000425833;Виноградова Н.Ф., Хомякова И.С., Сафонова И.В., Петрова В.И. / Под ред. Виноградовой Н.Ф.;Литературное чтение. 4 класс. В 3 ч.;4;351,00
1.1.1.2.1.4;VEN000000000425834;Виноградова Н.Ф., Хомякова И.С., Сафонова И.В., Петрова В.И. / Под ред. Виноградовой Н.Ф.;Литературное чтение. 4 класс. В 3 ч.;4;351,00
1.1.1.2.1.4;VEN000000000425803;Виноградова Н.Ф., Хомякова И.С., Сафонова И.В., Петрова В.И. / Под ред. Виноградовой Н.Ф.;Литературное чтение. 4 класс. В 3 ч.;4;351,00
1.1.1.3.4.1;VEN000000000425744;Вербицкая М.В., Б. Эббс, Э. Уорелл, Э. Уорд, Оралова О.В. / Под ред. Вербицкой М.В. ;Английский язык. 2 класс. (В 2 ч.)     1 часть с CD диском;2;388,00
1.1.1.3.4.1;VEN000000000425736;Вербицкая М.В., Б. Эббс, Э. Уорелл, Э. Уорд, Оралова О.В. / Под ред. Вербицкой М.В. ;Английский язык. 2 класс. (В 2 ч.)      2 часть;2;363,00
1.1.1.3.4.2;VEN000000000425746;Вербицкая М.В., Б. Эббс, Э. Уорелл, Э. Уорд, Оралова О.В. / Под ред. Вербицкой М.В. ;Английский язык. 3 класс.( В 2 ч.)      1 часть с CD диском;3;388,00
1.1.1.3.4.2;VEN000000000425745;Вербицкая М.В., Б. Эббс, Э. Уорелл, Э. Уорд, Оралова О.В. / Под ред. Вербицкой М.В. ;Английский язык. 3 класс.( В 2 ч.)     2 часть ;3;363,00
1.1.1.3.4.3;VEN000000000425692;Вербицкая М.В., Б. Эббс, Э. Уорелл, Э. Уорд / Под ред. Вербицкой М.В.;Английский язык. 4 класс (В 2 ч.)            1 часть с CD диском;4;388,00
1.1.1.3.4.3;VEN000000000425693;Вербицкая М.В., Б. Эббс, Э. Уорелл, Э. Уорд / Под ред. Вербицкой М.В.;Английский язык. 4 класс( В 2 ч.)           2 часть;4;363,00
1.1.1.3.15.1;VEN000000000425694;Сурьялайнен И.А., Потапова Е.А. / Под ред. Старшовой Т.И.;Финский язык. 2 класс. (В 2 ч.)             1 часть с CD диском;2;413,00
1.1.1.3.15.1;VEN000000000425708;Сурьялайнен И.А., Потапова Е.А. / Под ред. Старшовой Т.И.;Финский язык. 2 класс.( В 2 ч.)                   2 часть;2;339,00
1.1.1.3.15.2;VEN000000000425716;Сурьялайнен И.А., Братчикова Н.С. / Под ред. Старшовой Т.И. ;Финский язык. 3 класс. (В 2 ч. )                1 часть с CD диском;3;413,00
1.1.1.3.15.2;VEN000000000425715;Сурьялайнен И.А., Братчикова Н.С. / Под ред. Старшовой Т.И. ;Финский язык. 3 класс. (В 2 ч. )               2 часть;3;339,00
1.1.1.3.15.3;VEN000000000425713;Сурьялайнен И.А., Братчикова Н.С. / Под ред. Старшовой Т.И.;Финский язык. 4 класс. (В 2 ч. )               1 часть с CD диском;4;413,00
1.1.1.3.15.3;VEN000000000425714;Сурьялайнен И.А., Братчикова Н.С. / Под ред. Старшовой Т.И.;Финский язык. 4 класс.( В 2 ч. )                      2 часть;4;339,00
1.1.2.1.10.1;VEN000000000425997;Рудницкая В.Н., Кочурова Е.Э., Рыдзе О.А.;Математика. 1 класс. В 2 ч. ;1;339,00
1.1.2.1.10.1;VEN000000000426024;Рудницкая В.Н., Кочурова Е.Э., Рыдзе О.А.;Математика. 1 класс. В 2 ч. ;1;339,00
1.1.2.1.10.2;DRF000000000722797;Рудницкая В.Н., Юдачёва Т.В.;Математика. 2 класс. В 2 ч. ;2;358,00
1.1.2.1.10.2;DRF000000000722798;Рудницкая В.Н., Юдачёва Т.В.;Математика. 2 класс. В 2 ч. ;2;358,00
1.1.2.1.10.3;DRF000000000722799;Рудницкая В.Н., Юдачёва Т.В.;Математика. 3 класс. В 2 ч. ;3;363,00
1.1.2.1.10.3;DRF000000000722800;Рудницкая В.Н., Юдачёва Т.В.;Математика. 3 класс. В 2 ч. ;3;363,00
1.1.2.1.10.4;VEN000000000425981;Рудницкая В.Н., Юдачёва Т.В.; Математика. 4 класс. В 2 ч. ;4;363,00
1.1.2.1.10.4;VEN000000000425962;Рудницкая В.Н., Юдачёва Т.В.; Математика. 4 класс. В 2 ч. ;4;363,00
1.1.2.1.7.1;VEN000000000425908;Минаева С.С., Рослова Л.О., Рыдзе О.А., Фёдорова Л.И., Булычёв В.А. / Под ред. Булычёва В.А. ;Математика. 1 класс. В 2 ч.;1;336,00
1.1.2.1.7.1;VEN000000000425909;Минаева С.С., Рослова Л.О., Рыдзе О.А., Фёдорова Л.И., Булычёв В.А. / Под ред. Булычёва В.А. ;Математика. 1 класс. В 2 ч.;1;336,00
1.1.2.1.7.2;VEN000000000425979;Минаева С.С., Рослова Л.О., Рыдзе О.А. / Под ред. Булычёва В.А. ;Математика. 2 класс. В 2 ч.;2;347,00
1.1.2.1.7.2;VEN000000000425952;Минаева С.С., Рослова Л.О., Рыдзе О.А. / Под ред. Булычёва В.А. ;Математика. 2 класс. В 2 ч.;2;347,00
1.1.2.1.7.3;VEN000000000425919;Минаева С.С., Рослова Л.О., Рыдзе О.А. Под ред. В.А. Булычёва;Математика. 3 класс. В 2 ч.;3;351,00
1.1.2.1.7.3;VEN000000000425965;Минаева С.С., Рослова Л.О., Рыдзе О.А. Под ред. В.А. Булычёва;Математика. 3 класс. В 2 ч.;3;351,00
1.1.2.1.7.4;VEN000000000425927;Минаева С.С., Рослова Л.О. / Под ред. Булычёва В.А.;Математика. 4 класс. В 2 ч.;4;351,00
1.1.2.1.7.4;VEN000000000425938;Минаева С.С., Рослова Л.О. / Под ред. Булычёва В.А.;Математика. 4 класс. В 2 ч.;4;351,00
1.1.3.1.1.1;VEN000000000426337;Виноградова Н.Ф.;Окружающий мир. 1 класс. В 2 ч.;1;339,00
1.1.3.1.1.1;VEN000000000426325;Виноградова Н.Ф.;Окружающий мир. 1 класс. В 2 ч.;1;339,00
1.1.3.1.1.2;VEN000000000426334;Виноградова Н.Ф.;Окружающий мир. 2 класс. В 2 ч.;2;358,00
1.1.3.1.1.2;VEN000000000426324;Виноградова Н.Ф.;Окружающий мир. 2 класс. В 2 ч.;2;358,00
1.1.3.1.1.3;AST000000000184986;Виноградова Н.Ф., Калинова Г.С.;Окружающий мир. 3 класс.. В 2 ч.;3;363,00
1.1.3.1.1.3;DRF000000000722892;Виноградова Н.Ф., Калинова Г.С.;Окружающий мир. 3 класс.. В 2 ч.;3;363,00
1.1.3.1.1.4;VEN000000000426328;Виноградова Н.Ф., Калинова Г.С.;Окружающий мир. 4 класс. В 2 ч.;4;363,00
1.1.3.1.1.4;VEN000000000426332;Виноградова Н.Ф., Калинова Г.С.;Окружающий мир. 4 класс. В 2 ч.;4;363,00
1.1.4.1.2.2;AST000000000182972;Виноградова Н.Ф., Власенко В.И., Поляков А.В.;" Основы религиозных культур и светской этики. Основы исламской культуры. 4 класс.. В 2 ч. Ч. 1:   Введение. Ч. 2: Основы исламской культуры» ";4;527,00
1.1.4.1.2.3;DRF000000000427869;Виноградова Н.Ф., Власенко В.И., Поляков А.В.;Основы религиозных культур и светской этики. Основы православной культуры. 4 класс.. В 2 ч. Ч. 1: Введение. Ч. 2: Основы православной культуры. ;4;527,00
1.1.4.1.2.4;DRF000000000427868;Виноградова Н.Ф., Власенко В.И., Поляков А.В.; Основы религиозных культур и светской этики. Основы светской этики. 4 класс.. В 2 ч. Ч. 1: Введение. Ч. 2: Основы светской этики. ;4;527,00
1.1.4.1.2.5;DRF000000000427867;Н.Ф. Виноградова, В.И. Власенко, А.В. Поляков;Основы религиозных культур и светской этики. Основы мировых религиозных культур. 4 класс.. В 2 ч. Ч. 1: Введение. Ч. 2: Основы мировых религиозных культур. ;4;527,00
1.1.5.1.7.1;VEN000000000426260;Савенкова Л.Г., Ермолинская Е.А.;Изобразительное искусство. 1 класс. ;1;328,00
1.1.5.1.7.2;VEN000000000426268;Савенкова Л.Г., Ермолинская Е.А.;Изобразительное искусство. 2 класс. ;2;339,00
1.1.5.1.7.3;VEN000000000426278;Савенкова Л.Г., Ермолинская Е.А.;Изобразительное искусство. 3 класс. ;3;352,00
1.1.5.1.7.4;VEN000000000426267;Савенкова Л.Г., Ермолинская Е.А.;Изобразительное искусство. 4 класс. ;4;352,00
1.1.5.2.7.1;VEN000000000426035;Усачёва В.О., Школяр Л.В.; Музыка. 1 класс. ;1;328,00
1.1.5.2.7.2;VEN000000000426051;Усачёва В.О., Школяр Л.В.; Музыка. 2 класс. ;2;339,00
1.1.5.2.7.3;VEN000000000426045;Усачёва В.О., Школяр Л.В.; Музыка. 3 класс. ;3;352,00
1.1.5.2.7.4;VEN000000000426050;Усачёва В.О., Школяр Л.В.; Музыка. 4 класс. ;4;352,00
1.1.6.1.3.1;VEN000000000426205;Лутцева Е.А.;Технология. 1 класс. ;1;328,00
1.1.6.1.3.2;VEN000000000426254;Лутцева Е.А.;Технология. 2 класс. ;2;339,00
1.1.6.1.3.3;VEN000000000426210;Лутцева Е.А.;Технология. 3 класс. ;3;352,00
1.1.6.1.3.4;VEN000000000426229;Лутцева Е.А.;Технология. 4 класс. ;4;352,00
1.1.6.1.11.1;VEN000000000426216;Хохлова М.В., Синица Н.В., Симоненко В.Д., Симоненко В.Д., Семенович Н.А., Матяш Н.В.;Технология. 1 класс. ;1;314,00
1.1.6.1.11.2;VEN000000000426219;Хохлова М.В., Синица Н.В., Симоненко В.Д., Семенович Н.А., Матяш Н.В., Самородский П.С.;Технология. 2 класс. ;2;314,00
1.1.6.1.11.3;VEN000000000426222;Хохлова М.В., Синица Н.В., Симоненко В.Д., Семенович Н.А., Матяш Н.В., Самородский П.С.;Технология. 3 класс. ;3;328,00
1.1.6.1.11.4;VEN000000000426224;Хохлова М.В., Синица Н.В., Семенович Н.А., Матяш Н.В.;Технология. 4 класс. ;4;328,00
1.1.7.1.5.1;VEN000000000426365;Петрова Т.В., Копылов Ю.А., Полянская Н.В., Петров С.С. ; Физическая культура. 1-2 классы. ;1-2;339,00
1.1.7.1.5.2;VEN000000000426368;Петрова Т.В., Копылов Ю.А., Полянская Н.В., Петров С.С. ; Физическая культура. 3-4 классы. ;3-4;352,00
1.2.1.1.7.1;VEN000000000427168;Шмелёв А.Д., Флоренская Э.А., Габович Ф.Е., Савчук Л.О., Шмелёва Е.Я. / Под ред. Шмелёва А.Д. ; Русский язык. 5 класс. (В 2 ч.)           1 часть  с CD диском;5;375,00
1.2.1.1.7.1;VEN000000000427169;Шмелёв А.Д., Флоренская Э.А., Габович Ф.Е., Савчук Л.О., Шмелёва Е.Я. / Под ред. Шмелёва А.Д. ; Русский язык. 5 класс. (В 2 ч.)            2 часть ( с приложением);5;375,00
1.2.1.1.7.2;VEN000000000427173;Шмелёв А.Д., Флоренская Э.А., Савчук Л.О., Шмелёва Е.Я. / Под ред. Шмелёва А.Д. ; Русский язык. 6 класс. (В 2 ч.)           1 часть с CD диском;6;375,00
1.2.1.1.7.2;VEN000000000427174;Шмелёв А.Д., Флоренская Э.А., Савчук Л.О., Шмелёва Е.Я. / Под ред. Шмелёва А.Д. ; Русский язык. 6 класс. (В 2 ч.)            2 часть (с приложением);6;375,00
1.2.1.1.7.3;VEN000000000427176;Шмелёв А.Д., Флоренская Э.А., Савчук Л.О., Шмелёва Е.Я. / Под ред. Шмелёва А.Д. ; Русский язык. 7 класс. (с аудиоприложением на CD и приложение  печатной основе);7;417,00
1.2.1.1.7.4;VEN000000000427177;Шмелёв А.Д., Флоренская Э.А., Кустова Г.И., Савчук Л.О.,Шмелёва Е.Я. / Под ред. Шмелёва А.Д. ; Русский язык. 8 класс.  (с аудиоприложением на CD и приложение  печатной основе);8;417,00
1.2.1.1.7.5;DRF000000000428571;Шмелёв А.Д., Флоренская Э.А., Митюрёв С.Н., Кустова Г.И., Савчук Л.О., Шмелёва Е.Я. / Под ред. А.Д. Шмелёва; Русский язык. 9 класс.  (с аудиоприложением на CD и приложение  печатной основе);9;417,00
1.2.1.2.3.1;VEN000000000426954;Ланин Б.А., Устинова Л.Ю., Шамчикова В.М. / Под ред. Ланина Б.А.; Литература. 5 класс.( В 2 ч.) 1 часть;5;328,00
1.2.1.2.3.1;VEN000000000426955;Ланин Б.А., Устинова Л.Ю., Шамчикова В.М. / Под ред. Ланина Б.А.; Литература. 5 класс.( В 2 ч.) 2 часть;5;328,00
1.2.1.2.3.2;VEN000000000427007;Ланин Б.А., Устинова Л.Ю., Шамчикова В.М. / Под ред. Ланина Б.А.; Литература. 6 класс. (В 2 ч.) 1 часть;6;343,00
1.2.1.2.3.2;VEN000000000427008;Ланин Б.А., Устинова Л.Ю., Шамчикова В.М. / Под ред. Ланина Б.А.; Литература. 6 класс. (В 2 ч.) 2 часть;6;343,00
1.2.1.2.3.3;VEN000000000426956;Ланин Б.А., Устинова Л.Ю., Шамчикова В.М. / Под ред. Ланина Б.А.; Литература. 7 класс.( В 2 ч.) 1 часть;7;343,00
1.2.1.2.3.3;VEN000000000426957;Ланин Б.А., Устинова Л.Ю., Шамчикова В.М. / Под ред. Ланина Б.А.; Литература. 7 класс.( В 2 ч.) 2 часть;7;343,00
1.2.1.2.3.4;VEN000000000426964;Ланин Б.А., Устинова Л.Ю., Шамчикова В.М. / Под ред. Ланина Б.А.; Литература. 8 класс. В 2 ч. Часть 1;8;352,00
1.2.1.2.3.4;VEN000000000426965;Ланин Б.А., Устинова Л.Ю., Шамчикова В.М. / Под ред. Ланина Б.А.; Литература. 8 класс. В 2 ч. Часть 2;8;352,00
1.2.1.2.3.5;VEN000000000426934;Ланин Б.А., Устинова Л.Ю. / Под ред. Ланина Б.А.; Литература. 9 класс. В 2 ч.;9;352,00
1.2.1.2.3.5;VEN000000000426935;Ланин Б.А., Устинова Л.Ю. / Под ред. Ланина Б.А.; Литература. 9 класс. В 2 ч.;9;352,00
1.2.1.2.5.1;VEN000000000426995;Москвин Г.В., Пуряева Н.Н., Ерохина Е.Л.; Литература. 5 класс. (В 2 ч.) 1 часть;5;328,00
1.2.1.2.5.1;VEN000000000426985;Москвин Г.В., Пуряева Н.Н., Ерохина Е.Л.; Литература. 5 класс. (В 2 ч.) 2 часть;5;328,00
1.2.1.2.5.2;VEN000000000426943;Москвин Г.В., Пуряева Н.Н., Ерохина Е.Л.; Литература. 6 класс. (В 2 ч.) 1 часть;6;343,00
1.2.1.2.5.2;VEN000000000426944;Москвин Г.В., Пуряева Н.Н., Ерохина Е.Л.; Литература. 6 класс. (В 2 ч.) 2 часть;6;343,00
1.2.1.2.5.3;VEN000000000426945;Москвин Г.В., Пуряева Н.Н., Ерохина Е.Л.; Литература. 7 класс.. (В 2 ч.) 1 часть;7;343,00
1.2.1.2.5.3;VEN000000000426946;Москвин Г.В., Пуряева Н.Н., Ерохина Е.Л.; Литература. 7 класс.. (В 2 ч.) 2 часть;7;343,00
1.2.1.2.5.4;VEN000000000426930;Москвин Г.В., Пуряева Н.Н., Ерохина Е.Л.; Литература. 8 класс.. В 2 ч. Часть 1;8;352,00
1.2.1.2.5.4;VEN000000000426931;Москвин Г.В., Пуряева Н.Н., Ерохина Е.Л.; Литература. 8 класс.. В 2 ч. Часть 2;8;325,00
1.2.1.2.5.5;VEN000000000426932;Москвин Г.В., Пуряева Н.Н., Ерохина Е.Л.; Литература. 9 класс.. В 2 ч. Часть 1;9;352,00
1.2.1.2.5.5;VEN000000000426933;Москвин Г.В., Пуряева Н.Н., Ерохина Е.Л.; Литература. 9 класс.. В 2 ч. Часть 2;9;352,00
1.2.1.3.6.1;VEN000000000426388;"Вербицкая М.В., Б. Эббс, Э. Уорелл, Э. Уорд.  Под ред. проф. Вербицкой М.В. "; Английский язык. 5 класс. (В 2 ч.)     1 часть с CDдиском;5;388,00
1.2.1.3.6.1;VEN000000000426386;"Вербицкая М.В., Б. Эббс, Э. Уорелл, Э. Уорд.  Под ред. проф. Вербицкой М.В. "; Английский язык. 5 класс. (В 2 ч.)     2 часть;5;363,00
1.2.1.3.6.2;VEN000000000426390;"Вербицкая М.В., Гаярделли М., Редли П., Савчук Л.О.  / Под ред. Вербицкой М.В. "; Английский язык. 6 класс. (В 2 ч.)    1 часть с CD диском;6;399,00
1.2.1.3.6.2;VEN000000000426391;"Вербицкая М.В., Гаярделли М., Редли П., Савчук Л.О.  / Под ред. Вербицкой М.В. "; Английский язык. 6 класс. (В 2 ч.)     2 часть;6;375,00
1.2.1.3.6.3;VEN000000000426409;Вербицкая М.В., Гаярделли М., Редли П., Миндрул О.С., Савчук Л.О. / Под ред. Вербицкой М.В. ; Английский язык. 7 класс. ( в 2 частях)  1 часть с CD диском;7;399,00
1.2.1.3.6.3;VEN000000000426411;Вербицкая М.В., Гаярделли М., Редли П., Миндрул О.С., Савчук Л.О. / Под ред. Вербицкой М.В. ; Английский язык. 7 класс. ( в 2 частях)  2 часть;7;375,00
1.2.1.3.6.4;VEN000000000426380;"Вербицкая М.В., Маккинли С., Хастингс Б., Миндрул О. С.   / Под ред. Вербицкой М.В. "; Английский язык. 8 класс. с CD диском;8;399,00
1.2.1.3.6.5;DRF000000000428038;Вербицкая М.В., Маккинли С., Хастингс Б., Миндрул О. С., Твердохлебова И. П. / Под ред. Вербицкой М.В. ; Английский язык. 9 класс. с CD диском;9;399,00
1.2.1.4.2.1;VEN000000000426414;Дорофеева Н.С., Красова Г.А. ;Итальянский язык. Второй иностранный языкк. 5 класс. ( с CD диском);5;482,00
1.2.1.4.3.2;VEN000000000426432;Дорофеева Н.С., Красова Г.А. ;Итальянский язык. Второй иностранный язык. 6 класс.  ( с CD диском);6;482,00
1.2.1.4.3.3;VEN000000000426415;Дорофеева Н.С., Красова Г.А. ; Итальянский язык. Второй иностранный язык. 7 класс.  ( с CD диском);7;482,00
1.2.1.4.3.4;VEN000000000426417;Дорофеева Н.С., Красова Г.А. ; Итальянский язык. Второй иностранный язык. 8 класс. ;8;482,00
1.2.1.4.3.5;VEN000000000426470;Дорофеева Н.С., Красова Г.А. ; Итальянский язык. Второй иностранный язык. 9 класс. ;9;482,00
1.2.2.2.3.1;VEN000000000426699; Майков А.Н.; История. 5 класс. ;5;303,00
1.2.2.2.3.2;VEN000000000426661;"Андреевская Т.П., Белкин М.В., Ванина Э.В. /  Под ред. Мясникова В.С. "; История Древнего мира. 5 класс. ;5;332,00
1.2.2.2.3.3;VEN000000000426702;"Искровская Л.В., Фёдоров С.Е., Гурьянова Ю.В. /  Под ред. Мясникова В.С. "; История Средних веков. 6 класс. ;6;361,00
1.2.2.2.3.4;VEN000000000426703;Носков В.В., Андреевская Т.П. ; Всеобщая история. 7 класс. ;7;361,00
1.2.2.2.3.5;VEN000000000426707;Носков В.В., Андреевская Т.П. ; Всеобщая история. 8 класс. ;8;361,00
1.2.2.2.3.6;VEN000000000426708; Хейфец В.Л., Хейфец Л.С., Северинов К.М. / Под ред. Мясникова В.С. ; Всеобщая история. 9 класс. ;9;361,00
1.2.2.3.4.1;VEN000000000427645;Соболева О.Б., Иванов О.В. / Под ред. Бордовского Г.А. ; Обществознание. 5 класс. ;5;343,00
1.2.2.3.4.2;VEN000000000427647;Барабанов В.В., Насонова И.П. / Под ред. Бордовского Г.А. ; Обществознание. 6 класс. ;6;343,00
1.2.2.3.4.3;VEN000000000427653; Соболева О.Б., Корсун Р.П. / Под ред. Бордовского Г.А. ;Обществознание. 7 класс. ;7;343,00
1.2.2.3.4.4;VEN000000000427658;Соболева О.Б., Чайка В.Н. / Под ред. Бордовского Г.А. ;Обществознание.  8 класс. ;8;370,00
1.2.2.3.4.5;VEN000000000427659;Насонова И.П. / Под ред. Бордовского Г.А. ;Обществознание.  9 класс. ;9;370,00
1.2.2.4.6.1;VEN000000000426772; Летягин А.А. / Под ред. Дронова В.П. ; География.  5 класс. ;5;354,00
1.2.2.4.6.2;DRF000000000427967;Летягин А.А. / Под ред. Дронова В.П. ; География. 6 класс. ;6;354,00
1.2.2.4.6.3;DRF000000000427968;Душина И.В., Смоктунович Т.Л. / Под ред. Дронова В.П. ; География.  7 класс. ;7;354,00
1.2.2.4.6.4;VEN000000000426760;Пятунин В.Б., Таможняя Е.А. / Под ред. Дронова В.П. ; География. 8 класс. ;8;363,00
1.2.2.4.6.5;VEN000000000426796;Таможняя Е.А., Толкунова С.Г. / Под ред. Дронова В.П. ; География .9 класс. ;9;419,00
1.2.3.1.10.1;DRF000000000428199;Мерзляк А.Г., Полонский В.Б., Якир М.С.; Математика. 5 класс. ;5;339,00
1.2.3.1.10.2;VEN000000000427082;Мерзляк А.Г., Полонский В.Б., Якир М.С.; Математика. 6 класс. ;6;339,00
1.2.3.2.7.1;VEN000000000427019;Мерзляк А.Г., Полонский В.Б., Якир М.С.; Алгебра. 7 класс;7;339,00
1.2.3.2.7.2;VEN000000000427022;Мерзляк А.Г., Полонский В.Б., Якир М.С.; Алгебра. 8 класс;8;339,00
1.2.3.2.7.3;VEN000000000427056;Мерзляк А.Г., Полонский В.Б., Якир М.С.; Алгебра. 9 класс;9;339,00
1.2.3.2.8.1;VEN000000000427066;Мерзляк А.Г., Поляков В.М. ; Алгебра. 7 класс;7;339,00
1.2.3.2.8.2;VEN000000000427059;Мерзляк А.Г., Поляков В.М. ; Алгебра. 8 класс (углубленное изучение);8;339,00
1.2.3.2.8.3;VEN000000000427065;Мерзляк А.Г., Поляков В.М. ; Алгебра. 9 класс (углубленное изучение);9;339,00
1.2.3.3.5.1;VEN000000000427031;Мерзляк А.Г.,Полонский В.Б.,Якир МС;Геометрия ;7;339,00
1.2.3.3.5.2;VEN000000000427033;Мерзляк А.Г.,Полонский В.Б.,Якир МС;Геометрия ;8;339,00
1.2.3.3.5.3;VEN000000000427055;Мерзляк А.Г.,Полонский В.Б.,Якир МС;Геометрия ;9;339,00
1.2.4.1.3.1;VEN000000000427351;Грачёв А.В., Погожев В.А., Селиверстов А.В. ; Физика. 7 класс. ;7;339,00
1.2.4.1.3.2;VEN000000000427377;Грачёв А.В., Погожев В.А., Вишнякова Е.А. ; Физика. 8 класс. ;8;339,00
1.2.4.1.3.3;VEN000000000427376;Грачёв А.В., Погожев В.А., Боков П.Ю. ;" Физика. 9 класс. Учебник для  учащихся общеобразовательных организаций";9;345,00
1.2.4.1.8.1;VEN000000000427364;Хижнякова Л.С., Синявина А.А. ; Физика. 7 класс. ;7;314,00
1.2.4.1.8.2;VEN000000000427369; Хижнякова Л.С., Синявина А.А. ; Физика. 8 класс. ;8;314,00
1.2.4.1.8.3;VEN000000000427371; Хижнякова Л.С., Синявина А.А. ; Физика. 9 класс. ;9;314,00
1.2.4.2.6.1;VEN000000000426657;Пономарёва И.Н., Николаев И.В., Корнилова О.А. ; Биология. 5 класс. ;5;377,00
1.2.4.2.6.2;VEN000000000426650;И.Н. Пономарёва, О.А. Корнилова, В.С. Кучменко. Под ред. проф. И.Н. Пономарёвой ; Биология. 6 класс. ;6;377,00
1.2.4.2.6.3;VEN000000000426544;Константинов В.М., Бабенко В.Г., Кучменко В.С. / Под ред. Константинова В.М. ; Биология. 7 класс. ;7;377,00
1.2.4.2.6.4;VEN000000000426586;Драгомилов А.Г., Маш Р.Д. ; Биология. 8 класс. ;8;377,00
1.2.4.2.6.5;VEN000000000426552;Пономарёва И.Н., Корнилова О.А., Чернова Н.М. / Под ред. Пономарёвой И.Н. ; Биология.9 класс. ;9;377,00
1.2.4.2.10.1;VEN000000000426555;Сухова Т.С., Строганов В.И. ; Биология. 5 класс;5;361,00
1.2.4.2.10.2;VEN000000000426517;Сухова Т.С., Дмитриева Т.А.; Биология. 6 класс;6;361,00
1.2.4.2.10.3;VEN000000000426516;Шаталова С.П., Сухова Т.С. ; Биология. 7 класс;7;361,00
1.2.4.2.10.4;VEN000000000426589;Каменский А.А., Сарычева Н.Ю., Сухова Т.С. ; Биология. 8 класс;8;361,00
1.2.4.2.10.5;VEN000000000426588;Сухова Т.С., Сарычева Н.Ю., Шаталова С.П., Дмитриева Т.А.; Биология. 9 класс;9;361,00
1.2.4.2.13.6;VEN000000000426538;Сухова Т.С., Строганов В.И. ; Биология. 5–6 классы. (линейный курс);5-6;377,00
1.2.4.2.13.7;VEN000000000426545;Пономарёва И.Н., Корнилова О.А., Кучменко В.С. / Под ред. Пономарёвой И.Н. ; Биология. 7 класс. (линейный курс);7;377,00
1.2.4.2.13.8;VEN000000000426652;Константинов В.М., Бабенко В.Г., Кучменко В.С. / Под ред. Константинова В.М. ; Биология. 8 класс. ;8;377,00
1.2.4.2.13.9;VEN000000000426513;Драгомилов А.Г., Маш Р.Д. ; Биология. 9 класс. ;9;377,00
1.2.4.3.6.1;VEN000000000427452; Кузнецова Н.Е., Титова И.М., Гара Н.Н. ; Химия. 8 класс. ;8;361,00
1.2.4.3.6.2;VEN000000000427457;Кузнецова Н.Е., Титова И.М., Гара Н.Н.; Химия. 9 класс. ;9;361,00
1.2.5.1.2.1;VEN000000000427555;Ермолинская Е.А., Медкова Е.С., Савенкова Л.Г. / Под ред. Савенковой Л.Г. ; Изобразительное искусство. 5 класс. ;5;330,00
1.2.5.1.2.2;VEN000000000427556;Ермолинская Е.А., Медкова Е.С., Савенкова Л.Г. / Под ред. Савенковой Л.Г. ; Изобразительное искусство. 6 класс. ;6;330,00
1.2.5.1.2.3;VEN000000000427557;Ермолинская Е.А., Медкова Е.С., Савенкова Л.Г. ; Изобразительное искусство. 7 класс. ;7;330,00
1.2.5.1.2.4;VEN000000000427552;Ермолинская Е.А., Медкова Е.С., Савенкова Л.Г. ; Изобразительное искусство. 8 класс. ;8;330,00
1.2.5.2.4.1;VEN000000000427100;Усачёва В.О., Школяр Л.В. ; Музыка. 5 класс. ;5;330,00
1.2.5.2.4.2;VEN000000000427098;Усачёва В.О., Школяр Л.В. ; Музыка. 6 класс. ;6;330,00
1.2.5.2.4.3;VEN000000000427099;Усачёва В.О., Школяр Л.В. ; Музыка. 7 класс. ;7;339,00
1.2.6.1.4.1;VEN000000000427223;Сасова И.А., Павлова М.Б., Гуревич М.И., Дж. Питт. / Под ред. Сасовой И.А. ; Технология. 5 класс. ;5;350,00
1.2.6.1.4.2;VEN000000000427227;"Сасова И.А., Павлова М.Б., Гуревич М.И. /  Под ред. Сасовой И.А. "; Технология. Технологии ведения дома. 6 класс. ;6;350,00
1.2.6.1.4.3;VEN000000000427226;Сасова И.А., Гуревич М.И., Павлова М.Б. / Под ред. Сасовой И.А. ; Технология. Индустриальные технологии. 6 класс. ;6;350,00
1.2.6.1.4.4;VEN000000000427232;Сасова И.А., Павлова М.Б., Шарутина А.Ю., Гуревич М.И. / Под ред. Сасовой И.А. ; Технология. Технологии ведения дома. 7 класс. ;7;350,00
1.2.6.1.4.5;VEN000000000427231;Сасова И.А., Павлова М.Б., Гуревич М.И. / Под ред. Сасовой И.А.; Технология. Индустриальные технологии. 7 класс. ;7;350,00
1.2.6.1.4.6;VEN000000000427237;Сасова И.А., Леонтьев А.В., Капустин В.С. / Под ред. Сасовой И.А. ; Технология. 8 класс. ;8;350,00
1.2.6.1.5.1;DRF000000000427872;"Синица Н.В., Самородский П.С., Симоненко В.Д.,  Яковенко О.В. "; Технология. 5 класс. ;5;321,00
1.2.6.1.5.2;VEN000000000427268;"Синица Н.В., Самородский П.С., Симоненко В.Д.,  Яковенко О.В. "; Технология. 6 класс. ;6;321,00
1.2.6.1.5.3;VEN000000000427271;"Синица Н.В., Самородский П.С., Симоненко В.Д.,  Яковенко О.В. "; Технология. 7 класс. ;7;321,00
1.2.6.1.5.4;VEN000000000427277;Матяш Н.В., Электов А.А., Симоненко В.Д., Гончаров Б.А., Елисеева Е.В., Богатырёв А.Н., Очинин О.П.; Технология. 8 класс. ;8;321,00
1.2.6.1.6.1;VEN000000000427321;Синица Н.В., Симоненко В.Д. ; Технология. Технологии ведения дома. 5 класс. ;5;350,00
1.2.6.1.6.2;VEN000000000427323;Тищенко А.Т., Симоненко В.Д. ; Технология. Индустриальные технологии. 5 класс. ;5;350,00
1.2.6.1.6.3;VEN000000000427322;Синица Н.В., Симоненко В.Д. ; Технология. Технологии ведения дома. 6 класс. ;6;350,00
1.2.6.1.6.4;VEN000000000427327;Тищенко А.Т., Симоненко В.Д. ; Технология. Индустриальные технологии. 6 класс. ;6;350,00
1.2.6.1.6.5;VEN000000000427276;Синица Н.В., Симоненко В.Д. ; Технология. Технологии ведения дома. 7 класс. ;7;350,00
1.2.6.1.6.6;VEN000000000427258;Тищенко А.Т., Симоненко В.Д. ; Технология. Индустриальные технологии. 7 класс. ;7;350,00
1.2.6.1.6.7;VEN000000000427324;Симоненко В.Д., Электов А.А., Гончаров Б.А., Очинин О.П., Елисеева Е.В., Богатырёв А.Н. ; Технология. 8 класс. ;8;352,00
1.2.7.1.4.1;VEN000000000427715;Петрова Т.В., Копылов Ю.А., Полянская Н.В., Петров С.С. ; Физическая культура. 5-7 классы. ;5-7;352,00
1.2.7.1.4.2;VEN000000000427714;Петрова Т.В., Копылов Ю.А., Полянская Н.В., Петров С.С. ; Физическая культура. 8-9 классы. ;8-9;352,00
1.2.7.2.1.1;VEN000000000427112;Виноградова Н.Ф., Смирнов Д.В., Сидоренко Л.В., Таранин А.Б. ; Основы безопасности жизнедеятельности. 5-6 классы. ;5-6;361,00
1.2.7.2.1.2;VEN000000000427117;Виноградова Н.Ф., Смирнов Д.В., Сидоренко Л.В., Таранин А.Б. ; Основы безопасности жизнедеятельности.7-9 классы. ;7-9;361,00
1.3.1.1.4.1;VEN000000000427211;Гусарова И.В. ;Русский язык и литература. Русский язык. 10 класс: базовый и углублённый уровни. ;10;361,00
1.3.1.1.4.2;VEN000000000427208;Гусарова И.В. ;Русский язык и литература. Русский язык. 11 класс: базовый и углублённый уровни. ;11;361,00
1.3.1.1.4.3;VEN000000000426991;Ланин Б.А., Устинова Л.Ю., Шамчикова В.М. / Под ред. Ланина Б.А. ; Русский язык и литература. Литература. 10 класс: базовый и углублённый уровни. ;10;370,00
1.3.1.1.4.4;VEN000000000426936;Ланин Б.А., Устинова Л.Ю., Шамчикова В.М. / Под ред. Ланина Б.А. ; Русский язык и литература. Литература. 11 класс: базовый и углублённый уровни. ;11;370,00
1.3.2.1.3.1;VEN000000000426418;Вербицкая М.В., Маккинли С., Хастингс Б., Каминс Д. Карр, Парсонс М, Миндрул О.С. / Под ред. Вербицкой М.В. ; Английский язык. 10 класс: базовый уровень. (учебник с CD  диском);10;399,00
1.3.2.1.3.2;VEN000000000426410;Вербицкая М.В., Каминс Д. Карр, Парсонс Д., Миндрул О.С. / Под ред. Вербицкой М.В. ; Английский язык. 11 класс: базовый уровень» с CD диском;11;399,00
1.3.2.3.1.1;VEN000000000426383;Дорофеева Н.С., Красова Г.А. ;Итальянский язык. Второй иностранный язык. 10 класс: базовый уровень. с CD диском;10;482,00
1.3.2.3.1.2;VEN000000000426412;Дорофеева Н.С., Красова Г.А. ;Итальянский язык. Второй иностранный язык. 11 класс: базовый уровень. с CD диском;11;482,00
1.3.3.1.4.1;VEN000000000426700;Климов О.Ю., Земляницин В.А., Носков В.В., Искровская Л.В. / Под ред. Мясникова B.C. ;История. Всеобщая история. 10 класс: базовый уровень, углублённый уровень. ;10;399,00
1.3.3.1.4.2;VEN000000000426704;Пленков О.Ю., Андреевская Т.П., Шевченко С.В. / Под ред. Мясникова B.C. ;История. Всеобщая история. 11 класс: базовый уровень, углублённый уровень. ;11;399,00
1.3.3.3.2.1;VEN000000000427641;Соболева О.Б., Барабанов В.В., Кошкина С.Г., Малявин С.Н. / Под ред. Бордовского Г.А. ;Обществознание. 10 класс: базовый уровень;10;388,00
1.3.3.3.2.2;VEN000000000427657;Воронцов А.В., Королёва Г.Э., Наумов С.А., Романов К.С. / Под ред. Бордовского Г.А. ;Обществознание. 11 класс: базовый уровень;11;388,00
1.3.3.4.1.1;VEN000000000426839;Бахчиева О.А. / Под ред. Дронова В.П. ; География. Экономическая и социальная география мира. 10-11 классы: базовый уровень, углублённый уровень. ;10-11;419,00
1.3.3.6.4.1;DRF000000000428200;Королёва Г.Э., Бурмистрова Т.В. ; Экономика. 10-11 классы: базовый уровень;10-11;361,00
1.3.5.1.2.1;VEN000000000427330;Грачёв А.В., Погожев В.А., Салецкий А.М., Боков П.Ю. ; Физика. 10 класс: базовый уровень, углублённый уровень. ;10;388,00
1.3.5.1.2.2;VEN000000000427337;Грачёв А.В., Погожев В.А., Салецкий А.М., Боков П.Ю. ; Физика. 11 класс: базовый уровень, углублённый уровень. ;11;388,00
1.3.5.1.8.1;VEN000000000427331;Хижнякова Л.С., Синявина А.А., Холина С.А., Кудрявцев В.В.; Физика. 10 класс: базовый уровень, углублённый уровень. ;10;388,00
1.3.5.1.8.2;VEN000000000427332;Хижнякова Л.С., Синявина А.А., Холина С.А., Кудрявцев В.В. ; Физика. 11 класс: базовый уровень, углублённый уровень. ;11;388,00
1.3.5.3.3.1;VEN000000000427461;Кузнецова Н.Е., Гара Н.Н. ; Химия. 10 класс: базовый уровень;10;361,00
1.3.5.3.3.2;VEN000000000427406;Кузнецова Н.Е., Лёвкин А.Н., Шаталов М.А. ; Химия. 11 класс: базовый уровень;11;361,00
1.3.5.4.3.1;VEN000000000427405;Кузнецова Н.Е., Гара Н.Н., Титова И.М. ; Химия. 10 класс: углублённый уровень;10;388,00
1.3.5.4.3.2;VEN000000000427407;Кузнецова Н.Е., Литвинова Т.Н., Лёвкин А.Н. ; Химия. 11 класс: углублённый уровень;11;388,00
1.3.5.5.5.1;VEN000000000426553;Каменский А.А., Сарычева Н.Ю., Исакова С.Н. ; Биология. 10 класс: базовый уровень. ;10;361,00
1.3.5.5.5.2;VEN000000000426514;Каменский А.А., Сарычева Н.Ю., Исакова С.Н. ; Биология. 11 класс: базовый уровень. ;11;361,00
1.3.5.5.6.1;VEN000000000426583;Пономарёва И.Н., Корнилова О.А., ЛощилинаТ.Е. / Под ред. Пономарёвой И.Н. ; Биология. 10 класс: базовый уровень. ;10;377,00
1.3.5.5.6.2;VEN000000000426587;И.Н. Пономарева, О.А. Корнилова, Т.Е. Лощилина, П.В. Ижевский. Под ред. И.Н. Пономарёвой; Биология. 11 класс: базовый уровень. ;11;377,00
1.3.5.6.3.1;VEN000000000426591;Пономарёва И.Н., Корнилова О.А., СимоноваЛ.В. / Под ред. И.Н. Пономарёвой; Биология. 10 класс: углублённый уровень;10;395,00
1.3.5.6.3.2;VEN000000000426592;Пономарёва И.Н., Корнилова О.А., СимоноваЛ.В. / Под ред. И.Н. Пономарёвой; Биология. 11 класс: углублённый уровень;11;395,00
1.3.6.2.3.1;VEN000000000427753;Миркин Б.М., Наумова Л.Г., Суматохин С.В. ; Экология. 10-11 классы: базовый уровень. ;10-11;361,00
1.3.6.1.3.1;VEN000000000427716;Матвеев А.П., Палехова Е.С. ; Физическая культура. 10-11 классы: базовый уровень. ;10-11;352,00
1.3.6.3.1.1;VEN000000000427123;Алексеев С.В., Данченко С.П., Костецкая Г.А., Ладнов С.Н.; Основы безопасности жизнедеятельности. 10-11 классы: базовый уровень. ;10-11;399,00
2.2.4.1.1.1;VEN000000000427691;Виноградова Н.Ф., Власенко В.И., Поляков А.В. ; Основы духовно-нравственной культуры народов России. 5 класс;5;352,00
2.3.4.1.1.1;VEN000000000427241;Симоненко В.Д., Очинин О.П., Матяш Н.В., Виноградов Д.В. ; Технология. 10-11 классы: базовый уровень;10-11;352,00