ФПУ;Код 1С;Издательство;Класс;УМК;Авторы;Наименование;Цена;НДС
1.1.1.1.5.1;VEN000000000428114;Вентана-Граф;1;УМК Иванова. Русский язык (1-4);Журова Л. Е., Евдокимова А. О.;Букварь. 1 класс. Часть 1;75,00;0,18
1.1.1.1.5.1;VEN000000000428115;Вентана-Граф;1;УМК Иванова. Русский язык (1-4);Журова Л. Е., Евдокимова А. О.;Букварь. 1 класс. Часть 2;75,00;0,18
1.1.1.1.5.2;VEN000000000428116;Вентана-Граф;1;УМК Иванова. Русский язык (1-4);Евдокимова А. О., Кузнецова М. И., Иванов С. В.;Русский язык. 1 класс;75,00;0,18
1.1.1.1.5.3;VEN000000000428117;Вентана-Граф;2;УМК Иванова. Русский язык (1-4);Иванов С. В., Евдокимова А. О., Кузнецова М. И., Петленко Л. В., Романова В. Ю.;Русский язык. 2 класс. Часть 1;75,00;0,18
1.1.1.1.5.3;VEN000000000428118;Вентана-Граф;2;УМК Иванова. Русский язык (1-4);Иванов С. В., Евдокимова А. О., Кузнецова М. И., Петленко Л. В., Романова В. Ю.;Русский язык. 2 класс. Часть 2;75,00;0,18
1.1.1.1.5.4;VEN000000000428121;Вентана-Граф;3;УМК Иванова. Русский язык (1-4);Иванов С. В., Кузнецова М. И., Романова В. Ю.;Русский язык. 3 класс. Часть 2;75,00;0,18
1.1.1.1.5.4;VEN000000000428122;Вентана-Граф;3;УМК Иванова. Русский язык (1-4);Иванов С. В., Кузнецова М. И., Романова В. Ю.;Русский язык. 3 класс. Часть 1;75,00;0,18
1.1.1.1.5.5;VEN000000000428119;Вентана-Граф;4;УМК Иванова. Русский язык (1-4);Иванов С. В., Петленко Л. В., Кузнецова М. И., Романова В. Ю.;Русский язык. 4 класс. Часть 1;75,00;0,18
1.1.1.1.5.5;VEN000000000428120;Вентана-Граф;4;УМК Иванова. Русский язык (1-4);Иванов С. В., Кузнецова М. И., Петленко Л. В., Романова В. Ю.;Русский язык. 4 класс. Часть 2;75,00;0,18
1.1.1.2.1.1;VEN000000000428384;Вентана-Граф;1;УМК Виноградовой. Литературное чтение (1-4);Виноградова Н. Ф., Петрова В. И., Хомякова И. С.;Литературное чтение. 1 класс. Часть 1;75,00;0,18
1.1.1.2.1.1;VEN000000000428385;Вентана-Граф;1;УМК Виноградовой. Литературное чтение (1-4);Хомякова И. С., Петрова В. И., Виноградова Н. Ф.;Литературное чтение. 1 класс. Часть 2;75,00;0,18
1.1.1.2.1.2;VEN000000000428106;Вентана-Граф;2;УМК Ефросининой. Литературное чтение (1-4);Ефросинина Л. А.;Литературное чтение. 2 класс. Часть 1;75,00;0,18
1.1.1.2.1.2;VEN000000000428107;Вентана-Граф;2;УМК Ефросининой. Литературное чтение (1-4);Ефросинина Л. А.;Литературное чтение. 2 класс. Часть 2;75,00;0,18
99.99.99.99.99.99;VEN000000000428390;Вентана-Граф;2;УМК Виноградовой. Литературное чтение (1-4);Виноградова Н. Ф., Петрова В. И., Хомякова И. С.;Литературное чтение. 2 класс. Часть 1;75,00;0,18
99.99.99.99.99.99;VEN000000000428391;Вентана-Граф;2;УМК Виноградовой. Литературное чтение (1-4);Хомякова И. С., Петрова В. И., Виноградова Н. Ф.;Литературное чтение. 2 класс. Часть 2;75,00;0,18
1.1.1.2.1.3;VEN000000000428102;Вентана-Граф;3;УМК Ефросининой. Литературное чтение (1-4);Ефросинина Л. А., Оморокова М. И.;Литературное чтение. 3 класс. Часть 1;75,00;0,18
1.1.1.2.1.3;VEN000000000428103;Вентана-Граф;3;УМК Ефросининой. Литературное чтение (1-4);Ефросинина Л. А., Оморокова М. И.;Литературное чтение. 3 класс. Часть 2;75,00;0,18
1.1.1.2.2.1;VEN000000000428101;Вентана-Граф;1;УМК Ефросининой. Литературное чтение (1-4);Ефросинина Л. А.;Литературное чтение. 1 класс;75,00;0,18
1.1.1.2.2.4;VEN000000000428104;Вентана-Граф;4;УМК Ефросининой. Литературное чтение (1-4);Ефросинина Л. А., Оморокова М. И.;Литературное чтение. 4 класс. Часть 1;75,00;0,18
1.1.1.2.2.4;VEN000000000428105;Вентана-Граф;4;УМК Ефросининой. Литературное чтение (1-4);Ефросинина Л. А., Оморокова М. И.;Литературное чтение. 4 класс. Часть 2;75,00;0,18
1.1.1.3.4.1;VEN000000000428108;Вентана-Граф;2;"УМК Вербицкой. Английский язык ""Forward"" (2-4)";Вербицкая М. В., Уоэрелл Э., Эббс Б., Оралова О. В.;Английский язык. 2 класс. Часть 1;75,00;0,18
1.1.1.3.4.1;VEN000000000428109;Вентана-Граф;2;"УМК Вербицкой. Английский язык ""Forward"" (2-4)";Вербицкая М. В., Уоэрелл Э., Эббс Б., Оралова О. В.;Английский язык. 2 класс. Часть 2;75,00;0,18
1.1.1.3.4.2;VEN000000000428110;Вентана-Граф;3;"УМК Вербицкой. Английский язык ""Forward"" (2-4)";Вербицкая М. В., Уоэрелл Э., Эббс Б.;Английский язык. 3 класс. Часть 1;75,00;0,18
1.1.1.3.4.2;VEN000000000428111;Вентана-Граф;3;"УМК Вербицкой. Английский язык ""Forward"" (2-4)";Вербицкая М. В., Уоэрелл Э., Эббс Б.;Английский язык. 3 класс. Часть 2;75,00;0,18
1.1.1.3.4.3;VEN000000000428112;Вентана-Граф;4;"УМК Вербицкой. Английский язык ""Forward"" (2-4)";Вербицкая М. В., Уоэрелл Э., Эббс Б., Уорд Э.;Английский язык. 4 класс. Часть 1;75,00;0,18
1.1.1.3.4.3;VEN000000000428113;Вентана-Граф;4;"УМК Вербицкой. Английский язык ""Forward"" (2-4)";Вербицкая М. В., Эббс Б., Уоэрелл Э., Уорд Э.;Английский язык. 4 класс. Часть 2;75,00;0,18
1.1.2.1.10.1;VEN000000000428127;Вентана-Граф;1;УМК Рудницкой. Математика (1-4);Рыдзе О. А., Кочурова Е. Э., Рудницкая В. Н.;Математика. 1 класс. Часть 1;75,00;0,18
1.1.2.1.10.1;VEN000000000428128;Вентана-Граф;1;УМК Рудницкой. Математика (1-4);Рудницкая В. Н.;Математика. 1 класс. Часть 2;75,00;0,18
1.1.2.1.10.2;VEN000000000428129;Вентана-Граф;2;УМК Рудницкой. Математика (1-4);Рудницкая В. Н., Юдачева Т. В.;Математика. 2 класс. Часть 1;75,00;0,18
1.1.2.1.10.2;VEN000000000428130;Вентана-Граф;2;УМК Рудницкой. Математика (1-4);Рудницкая В. Н., Юдачева Т. В.;Математика. 2 класс. Часть 2;75,00;0,18
1.1.2.1.10.3;VEN000000000428131;Вентана-Граф;3;УМК Рудницкой. Математика (1-4);Рудницкая В. Н., Юдачева Т. В.;Математика. 3 класс. Часть 1;75,00;0,18
1.1.2.1.10.3;VEN000000000428132;Вентана-Граф;3;УМК Рудницкой. Математика (1-4);Рудницкая В. Н., Юдачева Т. В.;Математика. 3 класс. Часть 2;75,00;0,18
1.1.2.1.10.4;VEN000000000428134;Вентана-Граф;4;УМК Рудницкой. Математика (1-4);Рудницкая В. Н., Юдачева Т. В.;Математика. 4 класс. Часть 2;75,00;0,18
1.1.2.1.7.1;VEN000000000428471;Вентана-Граф;1;УМК Минаевой. Математика (1-4);Минаева С. С., Рослова Л. О., Рыдзе О. А., Федорова Л. И., Булычев В. А.;Математика. 1 класс. Часть 1;75,00;0,18
1.1.2.1.7.1;VEN000000000428472;Вентана-Граф;1;УМК Минаевой. Математика (1-4);Минаева С. С., Рослова Л. О., Рыдзе О. А., Федорова Л. И., Булычев В. А.;Математика. 1 класс. Часть 2;75,00;0,18
1.1.2.1.7.2;VEN000000000428477;Вентана-Граф;2;УМК Минаевой. Математика (1-4);Минаева С. С., Рослова Л. О., Рыдзе О. А., Булычев В. А.;Математика. 2 класс. Часть 1;75,00;0,18
1.1.2.1.7.2;VEN000000000428478;Вентана-Граф;2;УМК Минаевой. Математика (1-4);Минаева С. С., Рослова Л. О., Рыдзе О. А., Булычев В. А.;Математика. 2 класс. Часть 2;75,00;0,18
1.1.2.1.7.3;VEN000000000428482;Вентана-Граф;3;УМК Минаевой. Математика (1-4);Минаева С. С., Рослова Л. О., Рыдзе О. А., Булычев В. А.;Математика. 3 класс. Часть 1;75,00;0,18
1.1.2.1.7.3;VEN000000000428483;Вентана-Граф;3;УМК Минаевой. Математика (1-4);Минаева С. С., Рослова Л. О., Рыдзе О. А., Булычев В. А.;Математика. 3 класс. Часть 2;75,00;0,18
1.1.2.1.7.4;VEN000000000428133;Вентана-Граф;4;УМК Рудницкой. Математика (1-4);Рудницкая В. Н., Юдачева Т. В.;Математика. 4 класс. Часть 1;75,00;0,18
99.99.99.99.99.99;VEN000000000428487;Вентана-Граф;4;УМК Минаевой. Математика (1-4);Минаева С. С., Рослова Л. О., Булычев В. А.;Математика. 4 класс. Часть 1;75,00;0,18
99.99.99.99.99.99;VEN000000000428488;Вентана-Граф;4;УМК Минаевой. Математика (1-4);Минаева С. С., Рослова Л. О., Булычев В. А.;Математика. 4 класс. Часть 2;75,00;0,18
1.1.3.1.1.1;VEN000000000428147;Вентана-Граф;1;УМК Виноградовой. Окружающий мир (1-4);Виноградова Н. Ф.;Окружающий мир. 1 класс. Часть 1;75,00;0,18
1.1.3.1.1.1;VEN000000000428148;Вентана-Граф;1;УМК Виноградовой. Окружающий мир (1-4);Виноградова Н. Ф.;Окружающий мир. 1 класс. Часть 2;75,00;0,18
1.1.3.1.1.2;VEN000000000428149;Вентана-Граф;2;УМК Виноградовой. Окружающий мир (1-4);Виноградова Н. Ф.;Окружающий мир. 2 класс. Часть 1;75,00;0,18
1.1.3.1.1.2;VEN000000000428150;Вентана-Граф;2;УМК Виноградовой. Окружающий мир (1-4);Виноградова Н. Ф.;Окружающий мир. 2 класс. Часть 2;75,00;0,18
1.1.3.1.1.3;VEN000000000428151;Вентана-Граф;3;УМК Виноградовой. Окружающий мир (1-4);Виноградова Н. Ф., Калинова Г. С.;Окружающий мир. 3 класс. Часть 1;75,00;0,18
1.1.3.1.1.3;VEN000000000428152;Вентана-Граф;3;УМК Виноградовой. Окружающий мир (1-4);Виноградова Н. Ф., Калинова Г. С.;Окружающий мир. 3 класс. Часть 2;75,00;0,18
1.1.3.1.1.4;VEN000000000428153;Вентана-Граф;4;УМК Виноградовой. Окружающий мир (1-4);Виноградова Н. Ф., Калинова Г. С.;Окружающий мир. 4 класс. Часть 1;75,00;0,18
1.1.3.1.1.4;VEN000000000428154;Вентана-Граф;4;УМК Виноградовой. Окружающий мир (1-4);Виноградова Н. Ф., Калинова Г. С.;Окружающий мир. 4 класс. Часть 2;75,00;0,18
1.1.4.1.2.3;VEN000000000000001;Вентана-Граф;4;;Виноградова Н. Ф.;Основы православной культуры. 4 класс. Часть 2;75,00;0,18
1.1.4.1.2.4;VEN000000000000002;Вентана-Граф;4;;Виноградова Н. Ф., Власенко В. И., Поляков А. В.;Основы светской этики. 4 класс. Часть 2;75,00;0,18
1.1.4.1.2.5.;VEN000000000000003;Вентана-Граф;4;;Виноградова Н. Ф.;Основы мировых религиозных культур. 4 класс. Часть 2;75,00;0,18
1.1.5.1.7.1;VEN000000000428123;Вентана-Граф;1;УМК Ермолинской. ИЗО (1-4);Савенкова Л. Г., Ермолинская Е. А.;Изобразительное искусство. 1 класс;75,00;0,18
1.1.5.1.7.2;VEN000000000428124;Вентана-Граф;2;УМК Ермолинской. ИЗО (1-4);Савенкова Л. Г., Ермолинская Е. А.;Изобразительное искусство. 2 класс;75,00;0,18
1.1.5.1.7.3;VEN000000000428125;Вентана-Граф;3;;Савенкова Л. Г., Ермолинская Е. А.;Изобразительное искусство. 3 класс;75,00;0,18
1.1.5.1.7.4;VEN000000000428126;Вентана-Граф;4;УМК Ермолинской. ИЗО (1-4);Савенкова Л. Г., Ермолинская Е. А.;Изобразительное искусство. 4 класс;75,00;0,18
1.1.5.2.7.1;VEN000000000428135;Вентана-Граф;1;УМК Школяр. Музыка (1-4);Усачёва В. О., Школяр Л. В.;Музыка. 1 класс;75,00;0,18
1.1.5.2.7.2;VEN000000000428136;Вентана-Граф;2;УМК Школяр. Музыка (1-4);Усачёва В. О., Школяр Л. В.;Музыка. 2 класс;75,00;0,18
1.1.5.2.7.3;VEN000000000428162;Вентана-Граф;3;УМК Школяр. Музыка (1-4);Усачёва В. О., Школяр Л. В.;Музыка. 3 класс;75,00;0,18
1.1.5.2.7.4;VEN000000000428163;Вентана-Граф;4;УМК Школяр. Музыка (1-4);Усачёва В. О., Школяр Л. В.;Музыка. 4 класс;75,00;0,18
1.1.5.2.7.4;VEN000000000428164;Вентана-Граф;2;УМК Хохловой. Технология (1-4);Симоненко В. Д., Хохлова М. В., Самородский П. С.;Технология. 2 класс;75,00;0,18
1.1.6.1.11.3;VEN000000000428165;Вентана-Граф;3;УМК Хохловой. Технология (1-4);Симоненко В. Д., Самородский П. С., Матяш Н. В.;Технология. 3 класс;75,00;0,18
1.1.6.1.11.3;VEN000000000428166;Вентана-Граф;4;УМК Хохловой. Технология (1-4);Симоненко В. Д., Самородский П. С., Матяш Н. В.;Технология. 4 класс;75,00;0,18
1.1.6.1.3.1;VEN000000000428155;Вентана-Граф;1;УМК Лутцевой. Технология (1-4);Лутцева Е. А.;Технология. 1 класс;75,00;0,18
1.1.6.1.3.2;VEN000000000428156;Вентана-Граф;2;УМК Лутцевой. Технология (1-4);Лутцева Е. А.;Технология. 2 класс;75,00;0,18
1.1.6.1.3.3;VEN000000000428157;Вентана-Граф;3;УМК Лутцевой. Технология (1-4);Лутцева Е. А.;Технология. 3 класс;75,00;0,18
1.1.6.1.3.4;VEN000000000428158;Вентана-Граф;4;УМК Лутцевой. Технология (1-4);Лутцева Е. А.;Технология. 4 класс;75,00;0,18
1.1.7.1.5.1;VEN000000000428159;Вентана-Граф;1-2;;Петрова Т. В., Копылов Ю. А., Полянская Н. В., Петров С. С.;Физическая культура. 1-2 классы;75,00;0,18
1.1.7.1.5.2;VEN000000000428160;Вентана-Граф;3-4;;Петрова Т. В., Копылов Ю. А., Полянская Н. В., Петров С. С.;Физическая культура. 3-4 классы;75,00;0,18
1.2.1.1.7.1;VEN000000000428833;Вентана-Граф;5;УМК Шмелева. Русский язык (5-9);Шмелёв А. Д., Флоренская Э. А., Габович Ф. Е., Савчук Л. О., Шмелёва Е. Я.;Русский язык. 5 класс. Часть 1;75,00;0,18
1.2.1.1.7.1;VEN000000000428837;Вентана-Граф;5;УМК Шмелева. Русский язык (5-9);Шмелёв А. Д., Флоренская Э. А., Габович Ф. Е., Савчук Л. О., Шмелёва Е. Я.;Русский язык. 5 класс. Часть 2;75,00;0,18
1.2.1.1.7.2;VEN000000000428835;Вентана-Граф;6;УМК Шмелева. Русский язык (5-9);Шмелёв А. Д., Флоренская Э. А., Савчук Л. О., Шмелёва Е. Я.;Русский язык. 6 класс. Часть 2;75,00;0,18
1.2.1.1.7.2;VEN000000000428836;Вентана-Граф;6;УМК Шмелева. Русский язык (5-9);Шмелёв А. Д., Флоренская Э. А., Савчук Л. О., Шмелёва Е. Я.;Русский язык. 6 класс. Часть 1;75,00;0,18
1.2.1.1.7.3;VEN000000000428838;Вентана-Граф;7;УМК Шмелева. Русский язык (5-9);Шмелёв А. Д., Флоренская Э. А., Савчук Л. О., Шмелёва Е. Я.;Русский язык. 7 класс;75,00;0,18
1.2.1.1.7.4;VEN000000000428834;Вентана-Граф;8;УМК Шмелева. Русский язык (5-9);Шмелёв А. Д., Флоренская Э. А., Кустова Г. И., Савчук Л. О., Шмелёва Е. Я.;Русский язык. 8 класс;75,00;0,18
1.2.1.2.3.1;VEN000000000428359;Вентана-Граф;5;УМК Ланина. Литература (5-9);Ланин Б. А., Устинова Л. Ю., Шамчикова В. М.;Литература. 5 класс. Часть 1;75,00;0,18
1.2.1.2.3.1;VEN000000000428830;Вентана-Граф;5;;Ланин Б. А., Шамчикова В. М., Устинова Л. Ю.;Литература. 5 класс. Часть 2;75,00;0,18
99.99.99.99.99.99;VEN000000000428861;Вентана-Граф;5;УМК Москвина. Литература (5-9);Москвин Г. В., Пуряева Н. Н., Ерохина Е. Л.;Литература. 5 класс. Часть 2;75,00;0,18
99.99.99.99.99.99;VEN000000000428862;Вентана-Граф;5;УМК Москвина. Литература (5-9);Москвин Г. В., Пуряева Н. Н., Ерохина Е. Л.;Литература. 5 класс. Часть 1;75,00;0,18
1.2.1.2.3.2;VEN000000000428364;Вентана-Граф;6;УМК Ланина. Литература (5-9);Ланин Б. А., Устинова Л. Ю., Шамчикова В. М.;Литература. 6 класс. Часть 1;75,00;0,18
1.2.1.2.3.2;VEN000000000428365;Вентана-Граф;6;УМК Ланина. Литература (5-9);Ланин Б. А., Устинова Л. Ю., Шамчикова В. М.;Литература. 6 класс. Часть 2;75,00;0,18
99.99.99.99.99.99;VEN000000000428859;Вентана-Граф;6;УМК Москвина. Литература (5-9);Москвин Г. В., Пуряева Н. Н., Ерохина Е. Л.;Литература. 6 класс. Часть 2;75,00;0,18
99.99.99.99.99.99;VEN000000000428860;Вентана-Граф;6;УМК Москвина. Литература (5-9);Москвин Г. В., Пуряева Н. Н., Ерохина Е. Л.;Литература. 6 класс. Часть 1;75,00;0,18
1.2.1.2.3.3;VEN000000000428369;Вентана-Граф;7;УМК Ланина. Литература (5-9);Ланин Б. А., Устинова Л. Ю., Шамчикова В. М.;Литература. 7 класс. Часть 1;75,00;0,18
1.2.1.2.3.3;VEN000000000428370;Вентана-Граф;7;УМК Ланина. Литература (5-9);Ланин Б. А., Устинова Л. Ю., Шамчикова В. М.;Литература. 7 класс. Часть 2;75,00;0,18
99.99.99.99.99.99;VEN000000000428857;Вентана-Граф;7;УМК Москвина. Литература (5-9);Пуряева Н. Н., Москвин Г. В., Ерохина Е. Л.;Литература. 7 класс. Часть 2;75,00;0,18
99.99.99.99.99.99;VEN000000000428858;Вентана-Граф;7;УМК Москвина. Литература (5-9);Ерохина Е. Л., Пуряева Н. Н., Москвин Г. В.;Литература. 7 класс. Часть 1;75,00;0,18
1.2.1.2.3.4;VEN000000000428374;Вентана-Граф;8;;Ланин Б. А., Устинова Л. Ю., Шамчикова В. М.;Литература. 8 класс. Часть 1;75,00;0,18
1.2.1.2.3.4;VEN000000000428375;Вентана-Граф;8;;Ланин Б. А., Устинова Л. Ю., Шамчикова В. М.;Литература. 8 класс. Часть 2;75,00;0,18
99.99.99.99.99.99;VEN000000000428855;Вентана-Граф;8;УМК Москвина. Литература (5-9);Пуряева Н. Н., Ерохина Е. Л., Москвин Г. В.;Литература. 8 класс. Часть 2;75,00;0,18
99.99.99.99.99.99;VEN000000000428856;Вентана-Граф;8;УМК Москвина. Литература (5-9);Москвин Г. В., Пуряева Н. Н., Ерохина Е. Л.;Литература. 8 класс. Часть 1;75,00;0,18
1.2.1.2.3.5;VEN000000000428379;Вентана-Граф;9;;Ланин Б. А., Устинова Л. Ю.;Литература. 9 класс. Часть 1;75,00;0,18
99.99.99.99.99.99;VEN000000000428853;Вентана-Граф;9;УМК Москвина. Литература (5-9);Москвин Г. В., Ерохина Е. Л., Пуряева Н. Н.;Литература. 9 класс. Часть 2;75,00;0,18
99.99.99.99.99.99;VEN000000000428854;Вентана-Граф;9;УМК Москвина. Литература (5-9);Москвин Г. В., Пуряева Н. Н., Ерохина Е. Л.;Литература. 9 класс. Часть 1;75,00;0,18
1.2.1.2.5.5;VEN000000000428380;Вентана-Граф;9;;Ланин Б. А., Устинова Л. Ю.;Литература. 9 класс. Часть 2;75,00;0,18
1.2.1.3.6.1;VEN000000000428780;Вентана-Граф;5;"УМК Вербицкой. Английский язык ""Forward"" (5-9)";Вербицкая М. В., Эббс Б., Уоэрелл Э.;Английский язык. 5 класс. Часть 1;75,00;0,18
1.2.1.3.6.1;VEN000000000428781;Вентана-Граф;5;"УМК Вербицкой. Английский язык ""Forward"" (5-9)";Вербицкая М. В., Уоэрелл Э., Эббс Б.;Английский язык. 5 класс. Часть 2;75,00;0,18
1.2.1.3.6.2;VEN000000000428782;Вентана-Граф;6;"УМК Вербицкой. Английский язык ""Forward"" (5-9)";Вербицкая М. В., Гаярделли М., Редли П., Савчук Л. О.;Английский язык. 6 класс. Часть 1;75,00;0,18
1.2.1.3.6.2;VEN000000000428783;Вентана-Граф;6;"УМК Вербицкой. Английский язык ""Forward"" (5-9)";Вербицкая М. В., Гаярделли М., Редли П., Савчук Л. О.;Английский язык. 6 класс. Часть 2;75,00;0,18
1.2.1.3.6.3;VEN000000000428180;Вентана-Граф;7;"УМК Вербицкой. Английский язык ""Forward"" (5-9)";Вербицкая М. В., Гаярделли М., Редли П., Миндрул О. С., Савчук Л. О.;Английский язык. 7 класс. Часть 2;75,00;0,18
1.2.1.3.6.3;VEN000000000428181;Вентана-Граф;7;"УМК Вербицкой. Английский язык ""Forward"" (5-9)";Вербицкая М. В., Гаярделли М., Редли П., Миндрул О. С., Савчук Л. О.;Английский язык. 7 класс. Часть 1;75,00;0,18
1.2.1.3.6.4;VEN000000000428182;Вентана-Граф;8;"УМК Вербицкой. Английский язык ""Forward"" (5-9)";Вербицкая М. В., Маккинли С., Хастингс Б., Миндрул О. С.;Английский язык. 8 класс;75,00;0,18
1.2.1.3.6.5;VEN000000000428187;Вентана-Граф;9;"УМК Вербицкой. Английский язык ""Forward"" (5-9)";Вербицкая М. В., Маккинли С., Хастингс Б., Миндрул О. С., Твердохлебова И. П.;Английский язык. 9 класс;75,00;0,18
1.2.1.4.3.1;VEN000000000429792;Вентана-Граф;5;;Красова Г. А., Дорофеева Н. С.;Итальянский язык. 5 класс;75,00;0,18
1.2.1.4.3.2;VEN000000000429791;Вентана-Граф;6;;Дорофеева Н. С., Красова Г. А.;Итальянский язык. 6 класс;75,00;0,18
1.2.1.4.3.3;VEN000000000429790;Вентана-Граф;7;;Дорофеева Н. С., Красова Г. А.;Итальянский язык. 7 класс;75,00;0,18
1.2.1.4.3.4;VEN000000000429788;Вентана-Граф;8;;Дорофеева Н. С., Красова Г. А.;Итальянский язык. 8 класс;75,00;0,18
1.2.2.2.3.1;VEN000000000428241;Вентана-Граф;5;;Майков А. Н.;История. 5 класс;75,00;0,18
1.2.2.2.3.2;VEN000000000428823;Вентана-Граф;5;;Андреевская Т. П., Белкин М. В., Ванина Э. В.;Всеобщая история. История Древнего мира. 5 класс;75,00;0,18
1.2.2.2.3.3;VEN000000000428824;Вентана-Граф;6;;Искровская Л. В., Федоров С. Е., Гурьянова Ю. В., Мясников В. С.;Всеобщая история. История средних веков. 6 класс;75,00;0,18
1.2.2.2.3.4;VEN000000000428249;Вентана-Граф;7;;Носков В. В., Андреевская Т. П.;Всеобщая история. История. 7 класс;75,00;0,18
1.2.2.2.3.5;VEN000000000428251;Вентана-Граф;8;;Носков В. В., Андреевская Т. П.;Всеобщая история. История. 8 класс;75,00;0,18
1.2.2.2.3.6;VEN000000000430119;Вентана-Граф;9;УМК Мясникова. Всеобщая история (5-10);Хейфец В. Л., Северинов К. М., Хейфец Л. С.;Всеобщая история. История. 9 класс;75,00;0,18
1.2.2.3.4.1;VEN000000000430008;Вентана-Граф;5;;Соболева О. Б., Иванов О. В.;Обществознание. 5 класс;75,00;0,18
1.2.2.3.4.2;VEN000000000428278;Вентана-Граф;6;УМК Соболевой. Обществознание (6-9);Барабанов В. В., Насонова И. П.;Обществознание. 6 класс;75,00;0,18
1.2.2.3.4.3;VEN000000000428281;Вентана-Граф;7;УМК Соболевой. Обществознание (6-9);Соболева О. Б., Корсун Р. П.;Обществознание. 7 класс;75,00;0,18
1.2.2.3.4.4;VEN000000000428283;Вентана-Граф;8;УМК Соболевой. Обществознание (6-9);Соболева О. Б., Чайка В. Н.;Обществознание. 8 класс;75,00;0,18
1.2.2.3.4.5;VEN000000000428286;Вентана-Граф;9;УМК Соболевой. Обществознание (6-9);Насонова И. П.;Обществознание. 9 класс;75,00;0,18
1.2.2.4.6.1;VEN000000000428765;Вентана-Граф;5;УМК Дронова. География (Роза ветров) (5-9);Летягин А. А.;География. 5 класс;75,00;0,18
1.2.2.4.6.2;VEN000000000428766;Вентана-Граф;6;УМК Дронова. География (Роза ветров) (5-9);Летягин А. А.;География. 6 класс;75,00;0,18
1.2.2.4.6.3;VEN000000000428769;Вентана-Граф;7;УМК Дронова. География (Роза ветров) (5-9);Душина И. В., Смоктунович Т. Л.;География. 7 класс;75,00;0,18
1.2.2.4.6.4;VEN000000000428768;Вентана-Граф;8;УМК Дронова. География (Роза ветров) (5-9);Пятунин В. Б., Таможняя Е. А.;География. 8 класс;75,00;0,18
1.2.3.1.10.1;VEN000000000428778;Вентана-Граф;5;УМК Мерзляка. Математика (5-6);Мерзляк А. Г., Полонский В. Б., Якир М. С.;Математика. 5 класс;75,00;0,18
1.2.3.1.10.2;VEN000000000428779;Вентана-Граф;6;УМК Мерзляка. Математика (5-6);Мерзляк А. Г., Полонский В. Б., Якир М. С.;Математика. 6 класс;75,00;0,18
1.2.3.2.7.1;VEN000000000428773;Вентана-Граф;7;УМК Мерзляка. Алгебра (7-9) (Б);Мерзляк А. Г., Полонский В. Б., Якир М. С.;Алгебра. 7 класс;75,00;0,18
1.2.3.2.7.2;VEN000000000428774;Вентана-Граф;8;УМК Мерзляка. Алгебра (7-9) (Б);Мерзляк А. Г., Полонский В. Б., Якир М. С.;Алгебра. 8 класс;75,00;0,18
1.2.3.2.7.3;VEN000000000428775;Вентана-Граф;9;УМК Мерзляка. Алгебра (7-9) (Б);Мерзляк А. Г., Полонский В. Б., Якир М. С.;Алгебра. 9 класс;75,00;0,18
1.2.3.2.8.1;VEN000000000428806;Вентана-Граф;7;УМК Полякова. Алгебра (7-9) (У);Мерзляк А. Г., Поляков В. М.;Алгебра. Углубленный уровень. 7 класс;75,00;0,18
1.2.3.2.8.2;VEN000000000428807;Вентана-Граф;8;УМК Полякова. Алгебра (7-9) (У);Мерзляк А. Г., Поляков В. М.;Алгебра. Углубленное изучение. 8 класс;75,00;0,18
1.2.3.2.8.3;VEN000000000428808;Вентана-Граф;9;УМК Полякова. Алгебра (7-9) (У);Мерзляк А. Г., Поляков В. М.;Алгебра. Углубленное изучение. 9 класс;75,00;0,18
1.2.3.3.5.1;VEN000000000428776;Вентана-Граф;7;УМК Мерзляка. Геометрия (7-9);Мерзляк А. Г., Полонский В. Б., Якир М. С.;Геометрия. 7 класс;75,00;0,18
1.2.3.3.5.2;VEN000000000428777;Вентана-Граф;8;УМК Мерзляка. Геометрия (7-9);Мерзляк А. Г., Полонский В. Б., Якир М. С.;Геометрия. 8 класс;75,00;0,18
1.2.3.3.5.3;VEN000000000428692;Вентана-Граф;9;УМК Мерзляка. Геометрия (7-9);Мерзляк А. Г., Полонский В. Б., Якир М. С.;Геометрия. 9 класс;75,00;0,18
1.2.4.1.3.1;VEN000000000428770;Вентана-Граф;7;;Грачев А. В., Погожев В. А., Селиверстов А. В.;Физика. 7 класс;75,00;0,18
1.2.4.1.3.2;VEN000000000428771;Вентана-Граф;8;;Грачев А. В., Погожев В. А., Вишнякова Е. А.;Физика. 8 класс;75,00;0,18
1.2.4.1.3.3;VEN000000000428772;Вентана-Граф;9;;Грачев А. В., Погожев В. А., Боков П. Ю.;Физика. 9 класс;75,00;0,18
1.2.4.1.8.1;VEN000000000428787;Вентана-Граф;7;УМК Хижняковой. Физика (7-9);Хижнякова Л. С., Синявина А. А.;Физика. 7 класс;75,00;0,18
1.2.4.1.8.2;VEN000000000428788;Вентана-Граф;8;УМК Хижняковой. Физика (7-9);Хижнякова Л. С., Синявина А. А.;Физика. 8 класс;75,00;0,18
1.2.4.1.8.3;VEN000000000428789;Вентана-Граф;9;УМК Хижняковой. Физика (7-9);Хижнякова Л. С., Синявина А. А.;Физика. 9 класс;75,00;0,18
1.2.4.2.10.1;VEN000000000428636;Вентана-Граф;5;УМК Суховой. Биология (Живая природа) (5-9);Сухова Т. С., Строганов В. И.;Биология. 5 класс;75,00;0,18
1.2.4.2.10.2;VEN000000000428840;Вентана-Граф;6;УМК Суховой. Биология (Живая природа) (5-9);Сухова Т. С., Дмитриева О. В.;Биология. 6 класс;75,00;0,18
1.2.4.2.10.3;VEN000000000428841;Вентана-Граф;7;УМК Суховой. Биология (Живая природа) (5-9);Сухова Т. С., Шаталова С. П.;Биология. 7 класс;75,00;0,18
1.2.4.2.10.4;VEN000000000428842;Вентана-Граф;8;УМК Суховой. Биология (Живая природа) (5-9);Каменский А. А., Сарычева Н. Ю., Сухова Т. С.;Биология. 8 класс;75,00;0,18
1.2.4.2.10.5;VEN000000000428839;Вентана-Граф;9;УМК Суховой. Биология (Живая природа) (5-9);Сухова Т. С., Сарычева Н. Ю., Шаталова С. П., Дмитриева Т. А.;Биология. 9 класс;75,00;0,18
1.2.4.2.13.6;VEN000000000428845;Вентана-Граф;5-6;УМК Пономаревой. Биология (Линейная) (5-9);Сухова Т. С., Строганов В. И.;Биология. 5-6 классы;75,00;0,18
1.2.4.2.13.7;VEN000000000428630;Вентана-Граф;7;УМК Пономаревой. Биология (Линейная) (5-9);Пономарёва И. Н., Корнилова О. А., Кучменко В. С.;Биология. 7 класс;75,00;0,18
1.2.4.2.13.8;VEN000000000428844;Вентана-Граф;8;УМК Пономаревой. Биология (Линейная) (5-9);Константинов В. М., Бабенко В. Г., Кучменко В. С.;Биология. 8 класс;75,00;0,18
1.2.4.2.13.9;VEN000000000428843;Вентана-Граф;9;УМК Пономаревой. Биология (Линейная) (5-9);Маш Р. Д., Драгомилов А. Г.;Биология. 9 класс;75,00;0,18
1.2.4.2.6.1;VEN000000000428616;Вентана-Граф;5;УМК Пономаревой. Биология (Концентрическая) (5-9);Пономарёва И. Н., Николаев И. В., Корнилова О. А.;Биология. 5 класс;75,00;0,18
1.2.4.2.6.2;VEN000000000428846;Вентана-Граф;6;УМК Пономаревой. Биология (Концентрическая) (5-9);Пономарёва И. Н., Корнилова О. А., Кучменко B. C.;Биология. 6 класс;75,00;0,18
1.2.4.2.6.3;VEN000000000428847;Вентана-Граф;7;УМК Пономаревой. Биология (Концентрическая) (5-9);Константинов В. М., Бабенко В. Г., Кучменко В. С.;Биология. 7 класс;75,00;0,18
1.2.4.2.6.4;VEN000000000428848;Вентана-Граф;8;УМК Пономаревой. Биология (Концентрическая) (5-9);Драгомилов А. Г., Маш Р. Д.;Биология. 8 класс;75,00;0,18
1.2.4.2.6.5;VEN000000000428849;Вентана-Граф;9;УМК Пономаревой. Биология (Концентрическая) (5-9);Пономарёва И. Н., Корнилова О. А., Чернова Н. М.;Биология. 9 класс;75,00;0,18
1.2.4.3.5.1;VEN000000000428610;Вентана-Граф;8;УМК Кузнецовой. Химия (8-9);Кузнецова Н. Е., Титова И. М., Гара Н. Н.;Химия. 8 класс;75,00;0,18
1.2.4.3.5.2;VEN000000000428613;Вентана-Граф;9;УМК Кузнецовой. Химия (8-9);Кузнецова Н. Е., Титова И. М., Гара Н. Н.;Химия. 9 класс;75,00;0,18
1.2.5.1.2.1;VEN000000000428299;Вентана-Граф;5;УМК Ермолинской. ИЗО (5-7);Ермолинская Е. А., Медкова Е. С., Савенкова Л. Г.;Изобразительное искусство. 5 класс;75,00;0,18
1.2.5.1.2.2;VEN000000000428303;Вентана-Граф;6;УМК Ермолинской. ИЗО (5-7);Ермолинская Е. А., Медкова Е. С., Савенкова Л. Г.;Изобразительное искусство. 6 класс;75,00;0,18
1.2.5.1.2.3;VEN000000000428881;Вентана-Граф;7;УМК Ермолинской. ИЗО (5-7);Ермолинская Е. А., Медкова Е. С., Савенкова Л. Г.;Изобразительное искусство. 7 класс;75,00;0,18
1.2.5.1.2.4;VEN000000000430057;Вентана-Граф;8;;Ермолинская Е. А., Савенкова Л. Г., Савенкова Л. Г.;Изобразительное искусство. 8 класс;75,00;0,18
1.2.5.2.4.1;VEN000000000428316;Вентана-Граф;5;УМК Школяр. Музыка (5-8);Усачёва В. О., Школяр Л. В.;Музыка. 5 класс;75,00;0,18
1.2.5.2.4.2;VEN000000000428320;Вентана-Граф;6;УМК Школяр. Музыка (5-8);Усачёва В. О., Школяр Л. В.;Музыка. 6 класс;75,00;0,18
1.2.5.2.4.3;VEN000000000428323;Вентана-Граф;7;УМК Школяр. Музыка (5-8);Усачёва В. О., Школяр Л. В.;Музыка. 7 класс;75,00;0,18
1.2.6.1.4.1;VEN000000000428324;Вентана-Граф;5;Линия УМК И. А. Сасовой. Технология (Метод проектов) (5-8);Сасова И.А., Павлова М.Б., Гуревич М.И., Дж. Питт. / Под ред. Сасовой И.А.;Технология. 5 класс;75,00;0,18
1.2.6.1.4.2;VEN000000000428325;Вентана-Граф;6;Линия УМК И. А. Сасовой. Технология (Метод проектов) (5-8);Сасова И.А., Павлова М.Б., Гуревич М.И. / Под ред. Сасовой И.А.;Технология. Технологии ведения дома. 6 класс;75,00;0,18
1.2.6.1.4.3;VEN000000000428326;Вентана-Граф;6;Линия УМК И. А. Сасовой. Технология (Метод проектов) (5-8);Сасова И.А., Гуревич М.И., Павлова М.Б. / Под ред. Сасовой И.А.;Технология. Индустриальные технологии. 6 класс;75,00;0,18
1.2.6.1.4.4 ;VEN000000000428327;Вентана-Граф;7;Линия УМК И. А. Сасовой. Технология (Метод проектов) (5-8);Сасова И.А., Павлова М.Б., Шарутина А.Ю., Гуревич М.И. / Под ред. Сасовой И.А.;Технология. Технологии ведения дома. 7 класс;75,00;0,18
1.2.6.1.4.5;VEN000000000428328;Вентана-Граф;7;Линия УМК И. А. Сасовой. Технология (Метод проектов) (5-8);Сасова И.А., Гуревич М.И., Павлова М.Б. / Под ред. Сасовой И.А.;Технология. Индустриальные технологии. 7 класс;75,00;0,18
1.2.6.1.4.6;VEN000000000428329;Вентана-Граф;8;Линия УМК И. А. Сасовой. Технология (Метод проектов) (5-8);Сасова И А., Леонтьев А.В., Капустин В.С. / Под ред. Сасовой И.А.;Технология. 8 класс;75,00;0,18
1.2.6.1.5.2;VEN000000000428712;Вентана-Граф;6;;Синица Н. В., Самородский П. С., Симоненко В. Д., Яковенко О. В.;Технология. 6 класс;75,00;0,18
1.2.6.1.5.3;VEN000000000428714;Вентана-Граф;7;;Синица Н. В., Самородский П. С., Симоненко В. Д., Яковенко О. В.;Технология. 7 класс;75,00;0,18
1.2.6.1.5.4;VEN000000000005635;Вентана-Граф;8;;Матяш Н. В., Симоненко В. Д., Электов А. А.;Технология. 8 класс;75,00;0,18
1.2.6.1.6.1;VEN000000000430058;Вентана-Граф;5;;Симоненко В. Д., Синица Н. В.;Технология. Технологии ведения дома. 5 класс;75,00;0,18
1.2.6.1.6.2;VEN000000000428699;Вентана-Граф;5;УМК Тищенко-Синицы. Технология (5-9);Синица Н. В., Самородский П. С., Симоненко В. Д., Яковенко О. В.;Технология. 5 класс;75,00;0,18
1.2.6.1.6.3;VEN000000000005809;Вентана-Граф;6;;Синица Н. В., Симоненко В. Д.;Технология. Технологии ведения дома. 6 класс;75,00;0,18
1.2.6.1.6.4;VEN000000000428702;Вентана-Граф;6;УМК Тищенко-Синицы. Технология (5-9);Тищенко А. Т., Симоненко В. Д.;Технология. Индустриальные технологии. 6 класс;75,00;0,18
1.2.6.1.6.5;VEN000000000005624;Вентана-Граф;7;;Синица Н. В., Симоненко В. Д.;Технология. Технологии ведения дома. 7 класс;75,00;0,18
1.2.6.1.6.6;VEN000000000428704;Вентана-Граф;7;УМК Тищенко-Синицы. Технология (5-9);Тищенко А. Т., Симоненко В. Д.;Технология. Индустриальные технологии. 7 класс;75,00;0,18
1.2.6.1.6.7;VEN000000000005813;Вентана-Граф;8;;Симоненко В. Д., Электов А. А., Очинин О. П., Гончаров Б. А., Елисеева Е. В., Богатырев А. Н.;Технология. 8 класс;75,00;0,18
1.2.7.1.4.1;VEN000000000428652;Вентана-Граф;5-6-7;;Копылов Ю. А., Полянская Н. В., Петрова Т. В.;Физическая культура. 5-7 классы;75,00;0,18
1.2.7.1.4.2;VEN000000000428657;Вентана-Граф;8-9;;Копылов Ю. А., Петрова В. И., Полянская Н. В.;Физическая культура. 8-9 классы;75,00;0,18
1.2.7.2.1.1;VEN000000000430077;Вентана-Граф;5-6;;Виноградова Н. Ф., Смирнов Д. В., Таранин А. Б.;Основы безопасности жизнедеятельности. 5-6 классы;75,00;0,18
1.2.7.2.1.2;VEN000000000430078;Вентана-Граф;7-8-9;;Виноградова Н. Ф., Смирнов Д. В., Таранин А. Б., Сидоренко Л. В.;Основы безопасности жизнедеятельности. 7-9 классы;75,00;0,18
1.3.1.1.4.1;VEN000000000428831;Вентана-Граф;10;УМК Гусаровой. Русский язык (10-11) (БУ);Гусарова И. В.;Русский язык. 10 класс;75,00;0,18
1.3.1.1.4.2;VEN000000000428832;Вентана-Граф;11;УМК Гусаровой. Русский язык (10-11) (БУ);Гусарова И. В.;Русский язык и литература. Русский язык. Базовый и углублённый уровни. 11 класс.;75,00;0,18
1.3.1.1.4.3;VEN000000000428822;Вентана-Граф;10;;Ланин Б. А., Устинова Л. Ю., Шамчикова В. М.;Литература. Базовый и углублённый уровни. 10 класс;75,00;0,18
1.3.1.1.4.4;VEN000000000428355;Вентана-Граф;11;;Ланин Б. А., Устинова Л. Ю., Шамчикова В. М.;Литература. 11 класс;75,00;0,18
1.3.2.1.3.1;VEN000000000428190;Вентана-Граф;10;"УМК Вербицкой. Английский язык ""Forward"" (10-11) (Б)";Вербицкая М. В., Маккинли С., Хастингс Б., Каминс К. Д., Парсонс Д., Миндрул О. С.;Английский язык. Базовый уровень. 10 класс;75,00;0,18
1.3.2.1.3.2;VEN000000000428193;Вентана-Граф;11;"УМК Вербицкой. Английский язык ""Forward"" (10-11) (Б)";Вербицкая М. В., Каминс К. Д., Парсонс Д., Миндрул О. С.;Английский язык. Базовый уровень. 11 класс;75,00;0,18
1.3.2.3.1.1;VEN000000000429795;Вентана-Граф;10;;Дорофеева Н. С., Красова Г. А.;Итальянский язык. Базовый уровень. 10 класс;75,00;0,18
1.3.2.3.1.2;VEN000000000429794;Вентана-Граф;11;;Красова Г. А., Дорофеева Н. С.;Итальянский язык. Базовый уровень. 11 класс;75,00;0,18
1.3.3.1.4.1;VEN000000000430095;Вентана-Граф;10;;Климов О. Ю., Земляницин В. А., Носков В. В., Искровская Л. В., Мясников В. С.;Всеобщая история. История. 10 класс;75,00;0,18
1.3.3.1.4.2;VEN000000000430097;Вентана-Граф;11;;Пленков О. Ю., Андреевская Т. П., Шевченко С. В., Мясников В. С.;Всеобщая история. История. 11 класс;75,00;0,18
1.3.3.3.2.1;VEN000000000428922;Вентана-Граф;10;УМК Соболевой. Обществознание (10-11);Соболева О. Б., Барабанов В. В., Кошкина С. Г., Малявин С. Н., Бордовский Г. А.;Обществознание. Базовый уровень. 10 класс;75,00;0,18
1.3.3.3.2.2;VEN000000000428276;Вентана-Граф;11;УМК Соболевой. Обществознание (10-11);Воронцов А. В., Королёва Г. Э., Наумов С. А., Романов К. С., Бордовский Г. А.;Обществознание. Базовый уровень. 11 класс;75,00;0,18
1.3.3.4.1.1;VEN000000000428817;Вентана-Граф;10-11;УМК Дронова. География (Роза ветров) (10-11) (Б);Бахчиева О. А., Дронов В. П.;География. 10-11 классы;75,00;0,18
1.3.3.6.4.1;VEN000000000428291;Вентана-Граф;10-11;УМК Королёвой. Экономика (10-11);Королёва Г. Э., Бурмистрова Т. В.;Экономика. Базовый уровень. 10-11 классы;75,00;0,18
1.3.5.1.2.1;VEN000000000428821;Вентана-Граф;10;УМК Грачева. Физика (10-11) (БУ);Грачев А. В., Погожев В. А., Салецкий А. М., Боков П. Ю.;Физика. 10 класс;75,00;0,18
1.3.5.1.2.2;VEN000000000428820;Вентана-Граф;11;УМК Грачева. Физика (10-11) (БУ);Грачев А. В., Погожев В. А., Салецкий А. М., Боков П. Ю.;Физика. 11 класс;75,00;0,18
1.3.5.1.8.1;VEN000000000428819;Вентана-Граф;10;УМК Хижняковой. Физика (10-11) (БУ);Хижнякова Л. С., Синявина А. А., Холина В. Н., Кудрявцев В. В.;Физика. 10 класс;75,00;0,18
1.3.5.1.8.2;VEN000000000428818;Вентана-Граф;11;УМК Хижняковой. Физика (10-11) (БУ);Хижнякова Л. С., Синявина А. А., Холина В. Н., Кудрявцев В. В.;Физика. 11 класс;75,00;0,18
1.3.5.3.3.1;VEN000000000429470;Вентана-Граф;10;УМК Кузнецовой. Химия (10-11) (Б);Кузнецова Н. Е., Гара Н. Н.;Химия. Базовый уровень. 10 класс;75,00;0,18
1.3.5.3.3.2;VEN000000000429471;Вентана-Граф;11;УМК Кузнецовой. Химия (10-11) (Б);Кузнецова Н. Е., Левкин А. Н., Шаталов М. А.;Химия. Базовый уровень. 11 класс;75,00;0,18
1.3.5.4.3.1;VEN000000000429472;Вентана-Граф;10;УМК Кузнецовой. Химия (10-11) (У);Кузнецова Н. Е., Гара Н. Н., Титова И. М.;Химия. Углубленный уровень. 10 класс;75,00;0,18
1.3.5.5.5.1;VEN000000000429475;Вентана-Граф;10;УМК Суховой. Биология (Живая природа) (10-11) (Б);Каменский А. А., Исакова С. Н., Сарычева Н. Ю.;Биология. Базовый уровень. 10 класс;75,00;0,18
1.3.5.5.5.2;VEN000000000429476;Вентана-Граф;11;УМК Суховой. Биология (Живая природа) (10-11) (Б);Исакова С. Н., Сарычева Н. Ю., Каменский А. А.;Биология. Базовый уровень. 11 класс;75,00;0,18
1.3.5.5.6.1;VEN000000000429477;Вентана-Граф;10;УМК Пономаревой. Биология. Базовый уровень (10-11);Пономарёва И. Н., Корнилова О. А., Лощилина Т. Е.;Биология. Базовый уровень. 10 класс;75,00;0,18
1.3.5.5.6.2;VEN000000000429478;Вентана-Граф;11;УМК Пономаревой. Биология. Базовый уровень (10-11);Пономарёва И. Н., Корнилова О. А., Лощилина Т. Е., Ижевский П. В.;Биология. Базовый уровень. 11 класс;75,00;0,18
1.3.5.6.3.1;VEN000000000429479;Вентана-Граф;10;УМК Пономаревой. Биология. Углубленный уровень (10-11);Пономарёва И. Н., Корнилова О. А., Симонова Л. В.;Биология. Углубленный уровень. 10 класс;75,00;0,18
1.3.5.6.3.2;VEN000000000429480;Вентана-Граф;11;УМК Пономаревой. Биология. Углубленный уровень (10-11);Пономарёва И. Н., Корнилова О. А., Симонова Л. В.;Биология. Углубленный уровень. 11 класс;75,00;0,18
1.3.6.1.3.1;VEN000000000429482;Вентана-Граф;10-11;УМК Матвеева. Физическая культура (10-11);Матвеев А. П., Палехова Е. С.;Физическая культура. 10-11 классы;75,00;0,18
1.3.6.2.3.1;VEN000000000429469;Вентана-Граф;10-11;УМК Миркина. Экология (10-11);Суматохин С. В., Миркин Б. М., Наумова Л. Г.;Экология. 10-11 классы;75,00;0,18
1.3.6.3.1.1;VEN000000000429481;Вентана-Граф;10-11;УМК Алексеева. ОБЖ (10-11);Алексеев С. В., Данченко С. П., Костецкая Г. А., Ладнов С. Н.;Основы безопасности жизнедеятельности. 10-11 классы;75,00;0,18
2.2.4.1.1.1;VEN000000000428878;Вентана-Граф;5;УМК Виноградовой. ОДНК (5);Виноградова Н. Ф., Власенко В. И., Поляков А. В.;Основы духовно-нравственной культуры народов России. 5 класс;75,00;0,18
2.3.2.1.1.1;VEN000000000429483;Вентана-Граф;10-11;УМК Симоненко. Технология (10-11) (Б);Симоненко В. Д., Очинин О. П., Матяш Н. В.;Технология. Базовый уровень. 10-11 классы;75,00;0,18
99.99.99.99.99.99;VEN000000000000000;Вентана-Граф;4;;Виноградова Н. Ф., Власенко В. И., Поляков А. В.;Основы религиозных культур и светской этики. 4 класс. Часть 1;75,00;0,18