И.С. РукавишниковПриключения Кронтика. В ожидании чудес. Книга для работы взрослых с детьми;99.99.99.99.99.99;;И.С. Рукавишников;Приключения Кронтика. В ожидании чудес. Книга для работы взрослых с детьми;учебное пособие;;0,1;847
И.С. РукавишниковПриключения Кронтика. Новогодняя история. Книга для работы взрослых с детьми;99.99.99.99.99.99;;И.С. Рукавишников;Приключения Кронтика. Новогодняя история. Книга для работы взрослых с детьми;учебное пособие;;0,1;847
Федотова О.Н.Маша и Миша изучают окружающий мир. Книга для работы взрослых с детьми;99.99.99.99.99.99;;Федотова О.Н.;Маша и Миша изучают окружающий мир. Книга для работы взрослых с детьми;учебное пособие;;0,1;242
Федотова О.Н.Маша и Миша изучают окружающий мир. Тетрадь для работы взрослых с детьми;99.99.99.99.99.99;;Федотова О.Н.;Маша и Миша изучают окружающий мир. Тетрадь для работы взрослых с детьми;тетрадь;;0,1;60,5
Захарова О.А.Учимся записывать числа. Тетрадь для работы взрослых с детьми                                      ;99.99.99.99.99.99;;Захарова О.А.;Учимся записывать числа. Тетрадь для работы взрослых с детьми                                      ;тетрадь;;0,1;96,8
Чуракова Р.Г.Кронтик учится считать. Книга для работы взрослых с детьми;99.99.99.99.99.99;;Чуракова Р.Г.;Кронтик учится считать. Книга для работы взрослых с детьми;учебное пособие;;0,1;326,7
Чуракова Р.Г.Кронтик учится считать. Тетрадь для работы  взрослых с детьми;99.99.99.99.99.99;;Чуракова Р.Г.;Кронтик учится считать. Тетрадь для работы  взрослых с детьми;тетрадь;;0,1;96,8
Захарова О.А., Чуракова Р.Г.Кронтик учится рисовать фигуры. Книга для работы  взрослых с детьми;99.99.99.99.99.99;;Захарова О.А., Чуракова Р.Г.;Кронтик учится рисовать фигуры. Книга для работы  взрослых с детьми;учебное пособие;;0,1;242
Захарова О.А., Чуракова Р.Г. Кронтик учится рисовать фигуры. Тетрадь для работы взрослых с детьми;99.99.99.99.99.99;;Захарова О.А., Чуракова Р.Г. ;Кронтик учится рисовать фигуры. Тетрадь для работы взрослых с детьми;тетрадь;;0,1;72,6
Рукавишников И.С., Раджувейт Т.Г.Друзья Кронтика учатся читать. Книга для работы взрослых с детьми;99.99.99.99.99.99;;Рукавишников И.С., Раджувейт Т.Г.;Друзья Кронтика учатся читать. Книга для работы взрослых с детьми;учебное пособие;;0,1;302,5
Рукавишников И.С., Раджувейт Т.Г.Кронтик осваивает звуки. Книга для работы взрослых с детьми                       ;99.99.99.99.99.99;;Рукавишников И.С., Раджувейт Т.Г.;Кронтик осваивает звуки. Книга для работы взрослых с детьми                       ;учебное пособие;;0,1;641,3
Малаховская О.В.Кронтик учится слушать и рассуждать. Книга для работы взрослых с детьми;99.99.99.99.99.99;;Малаховская О.В.;Кронтик учится слушать и рассуждать. Книга для работы взрослых с детьми;учебное пособие;;0,1;326,7
Малаховская О.В.Кронтик учится слушать и рассуждать. Тетрадь для работы взрослых с детьми;99.99.99.99.99.99;;Малаховская О.В.;Кронтик учится слушать и рассуждать. Тетрадь для работы взрослых с детьми;тетрадь;;0,1;72,6
Раджувейт Т.Г., Рукавишников И.С.Учимся писать буквы. Тетрадь для работы взрослых с детьми;99.99.99.99.99.99;;Раджувейт Т.Г., Рукавишников И.С.;Учимся писать буквы. Тетрадь для работы взрослых с детьми;тетрадь;;0,1;108,9
Чуракова Н.А.Кронтик в музее. Как там - внутри картин? Книга для работы взрослых с детьми.                                                                                                               ;99.99.99.99.99.99;;Чуракова Н.А.;Кронтик в музее. Как там - внутри картин? Книга для работы взрослых с детьми.                                                                                                               ;учебное пособие;;0,1;435,6
Чуракова Н.А.В музее с Кронтильдой. Книга для работы взрослых с детьми.;99.99.99.99.99.99;;Чуракова Н.А.;В музее с Кронтильдой. Книга для работы взрослых с детьми.;учебное пособие;;0,1;532,4
Чуракова Н.А.Кронтик в музее. История с волшебной палочкой. Книга для работы  взрослых с детьми;99.99.99.99.99.99;;Чуракова Н.А.;Кронтик в музее. История с волшебной палочкой. Книга для работы  взрослых с детьми;учебное пособие;;0,1;459,8
Агаркова Н.Г., Агарков Ю.А.Учебник по обучению грамоте и чтению: Азбука. 1 класс;1.1.1.1.1.1;1.1.1.1.1.1;Агаркова Н.Г., Агарков Ю.А.;Учебник по обучению грамоте и чтению: Азбука. 1 класс;учебник;1;0,1;350,9
Чуракова Н.А.Русский язык. 1 класс. Учебник.                                                              ;1.1.1.1.1.2 ;1.1.1.1.1.2 ;Чуракова Н.А.;Русский язык. 1 класс. Учебник.                                                              ;учебник;1;0,1;350,9
Чуракова Н.А.Русский язык. 2 класс. Учебник. Часть 1 ;1.1.1.1.1.3;1.1.1.1.1.3;Чуракова Н.А.;Русский язык. 2 класс. Учебник. Часть 1 ;учебник;2;0,1;350,9
Каленчук М.Л., Малаховская О.В., Чуракова Н.А.Русский язык. 2 класс. Учебник. Часть 2                                                                                   ;1.1.1.1.1.3;1.1.1.1.1.3;Каленчук М.Л., Малаховская О.В., Чуракова Н.А.;Русский язык. 2 класс. Учебник. Часть 2                                                                                   ;учебник;2;0,1;350,9
Чуракова Н.А.Русский язык. 2 класс. Учебник. Часть 3;1.1.1.1.1.3;1.1.1.1.1.3;Чуракова Н.А.;Русский язык. 2 класс. Учебник. Часть 3;учебник;2;0,1;350,9
Каленчук М.Л., Чуракова Н.А., Байкова Т.А.Русский язык. 3 класс. Учебник.Часть 1                                                       ;1.1.1.1.1.4 ;1.1.1.1.1.4 ;Каленчук М.Л., Чуракова Н.А., Байкова Т.А.;Русский язык. 3 класс. Учебник.Часть 1                                                       ;учебник;3;0,1;338,8
Каленчук М.Л., Малаховская О.В., Чуракова Н.А.Русский язык. 3 класс. Учебник. Часть 2 ;1.1.1.1.1.4 ;1.1.1.1.1.4 ;Каленчук М.Л., Малаховская О.В., Чуракова Н.А.;Русский язык. 3 класс. Учебник. Часть 2 ;учебник;3;0,1;338,8
Каленчук М.Л., Чуракова Н.А., Байкова Т.А.Русский язык. 3 класс. Учебник. Часть 3 ;1.1.1.1.1.4 ;1.1.1.1.1.4 ;Каленчук М.Л., Чуракова Н.А., Байкова Т.А.;Русский язык. 3 класс. Учебник. Часть 3 ;учебник;3;0,1;338,8
Каленчук М.Л., Чуракова Н.А., Байкова Т.А.Русский язык. 4 класс. Учебник. Часть 1;1.1.1.1.1.5 ;1.1.1.1.1.5 ;Каленчук М.Л., Чуракова Н.А., Байкова Т.А.;Русский язык. 4 класс. Учебник. Часть 1;учебник;4;0,1;350,9
Каленчук М.Л., Чуракова Н.А., Малаховская О.В.Русский язык. 4 класс. Учебник. Часть 2 ;1.1.1.1.1.5 ;1.1.1.1.1.5 ;Каленчук М.Л., Чуракова Н.А., Малаховская О.В.;Русский язык. 4 класс. Учебник. Часть 2 ;учебник;4;0,1;350,9
Каленчук М.Л., Чуракова Н.А., Байкова Т.А.Русский язык. 4 класс. Учебник. Часть 3 ;1.1.1.1.1.5 ;1.1.1.1.1.5 ;Каленчук М.Л., Чуракова Н.А., Байкова Т.А.;Русский язык. 4 класс. Учебник. Часть 3 ;учебник;4;0,1;350,9
Агаркова Н.Г., Агарков Ю.А.Азбука. 1 класс. Тетрадь по письму № 1;99.99.99.99.99.99;;Агаркова Н.Г., Агарков Ю.А.;Азбука. 1 класс. Тетрадь по письму № 1;тетрадь;1;0,1;108,9
Агаркова Н.Г., Агарков Ю.А.Азбука. 1 класс. Тетрадь по письму № 2;99.99.99.99.99.99;;Агаркова Н.Г., Агарков Ю.А.;Азбука. 1 класс. Тетрадь по письму № 2;тетрадь;1;0,1;145,2
Агаркова Н.Г., Агарков Ю.А.Азбука. 1 класс. Тетрадь по письму № 3;99.99.99.99.99.99;;Агаркова Н.Г., Агарков Ю.А.;Азбука. 1 класс. Тетрадь по письму № 3;тетрадь;1;0,1;133,1
Гольфман Е.Р., Чуракова Н.А.Русский язык. 1 класс. Тетрадь для самостоятельной  работы ;99.99.99.99.99.99;;Гольфман Е.Р., Чуракова Н.А.;Русский язык. 1 класс. Тетрадь для самостоятельной  работы ;тетрадь;1;0,1;169,4
Байкова Т.А., Малаховская О.В., Гольфман Е.Р.Русский язык. 2 класс. Тетрадь для самостоятельной работы № 1                                       ;99.99.99.99.99.99;;Байкова Т.А., Малаховская О.В., Гольфман Е.Р.;Русский язык. 2 класс. Тетрадь для самостоятельной работы № 1                                       ;тетрадь;2;0,1;181,5
Байкова Т.А., Малаховская О.В.Русский язык. 2 класс. Тетрадь для самостоятельной  работы № 2;99.99.99.99.99.99;;Байкова Т.А., Малаховская О.В.;Русский язык. 2 класс. Тетрадь для самостоятельной  работы № 2;тетрадь;2;0,1;169,4
Байкова Т.А.Русский язык. 3 класс. Тетрадь для самостоятельной работы № 1;99.99.99.99.99.99;;Байкова Т.А.;Русский язык. 3 класс. Тетрадь для самостоятельной работы № 1;тетрадь;3;0,1;181,5
Байкова Т.А.Русский язык. 3 класс. Тетрадь для самостоятельной  работы № 2;99.99.99.99.99.99;;Байкова Т.А.;Русский язык. 3 класс. Тетрадь для самостоятельной  работы № 2;тетрадь;3;0,1;169,4
Байкова Т.А.Русский язык. 4 класс. Тетрадь для самостоятельной работы № 1;99.99.99.99.99.99;;Байкова Т.А.;Русский язык. 4 класс. Тетрадь для самостоятельной работы № 1;тетрадь;4;0,1;181,5
Байкова Т.А.Русский язык. 4 класс. Тетрадь для самостоятельной  работы № 2;99.99.99.99.99.99;;Байкова Т.А.;Русский язык. 4 класс. Тетрадь для самостоятельной  работы № 2;тетрадь;4;0,1;169,4
Чуракова Н.А.Литературное чтение. 1 класс. Учебник;1.1.1.2.9.1 ;1.1.1.2.9.1 ;Чуракова Н.А.;Литературное чтение. 1 класс. Учебник;учебник;1;0,1;350,9
Чуракова Н.А.Литературное чтение. 2 класс. Учебник. Часть 1;1.1.1.2.9.2 ;1.1.1.2.9.2 ;Чуракова Н.А.;Литературное чтение. 2 класс. Учебник. Часть 1;учебник;2;0,1;350,9
Чуракова Н.А.Литературное чтение. 2 класс. Учебник. Часть 2;1.1.1.2.9.2 ;1.1.1.2.9.2 ;Чуракова Н.А.;Литературное чтение. 2 класс. Учебник. Часть 2;учебник;2;0,1;350,9
Чуракова Н.А.Литературное чтение. 3 класс. Учебник. Часть 1;1.1.1.2.9.3;1.1.1.2.9.3;Чуракова Н.А.;Литературное чтение. 3 класс. Учебник. Часть 1;учебник;3;0,1;350,9
Чуракова Н.А.Литературное чтение. 3 класс. Учебник. Часть 2;1.1.1.2.9.3;1.1.1.2.9.3;Чуракова Н.А.;Литературное чтение. 3 класс. Учебник. Часть 2;учебник;3;0,1;350,9
Чуракова Н.А.Литературное чтение. 4 класс. Учебник. Часть 1;1.1.1.2.9.4;1.1.1.2.9.4;Чуракова Н.А.;Литературное чтение. 4 класс. Учебник. Часть 1;учебник;4;0,1;350,9
Чуракова Н.А.Литературное чтение. 4 класс. Учебник. Часть 2;1.1.1.2.9.4;1.1.1.2.9.4;Чуракова Н.А.;Литературное чтение. 4 класс. Учебник. Часть 2;учебник;4;0,1;350,9
Чуракова Н.А.Литературное чтение. 1 класс. Хрестоматия;99.99.99.99.99.99;;Чуракова Н.А.;Литературное чтение. 1 класс. Хрестоматия;хрестоматия;1;0,1;278,3
Малаховская О.В.Литературное чтение. 2 класс. Хрестоматия;99.99.99.99.99.99;;Малаховская О.В.;Литературное чтение. 2 класс. Хрестоматия;хрестоматия;2;0,1;278,3
Малаховская О.В.Литературное чтение. 3 класс. Хрестоматия;99.99.99.99.99.99;;Малаховская О.В.;Литературное чтение. 3 класс. Хрестоматия;хрестоматия;3;0,1;278,3
Малаховская О.В.Литературное чтение. 4 класс. Хрестоматия;99.99.99.99.99.99;;Малаховская О.В.;Литературное чтение. 4 класс. Хрестоматия;хрестоматия;4;0,1;326,7
Малаховская О.В.Литературное чтение. 1 класс. Тетрадь для самостоятельной работы ;99.99.99.99.99.99;;Малаховская О.В.;Литературное чтение. 1 класс. Тетрадь для самостоятельной работы ;тетрадь;1;0,1;169,4
Малаховская О.В.Литературное чтение. 2 класс. Тетрадь для самостоятельной работы № 1 ;99.99.99.99.99.99;;Малаховская О.В.;Литературное чтение. 2 класс. Тетрадь для самостоятельной работы № 1 ;тетрадь;2;0,1;169,4
Малаховская О.В.Литературное чтение. 2 класс. Тетрадь для самостоятельной работы № 2 ;99.99.99.99.99.99;;Малаховская О.В.;Литературное чтение. 2 класс. Тетрадь для самостоятельной работы № 2 ;тетрадь;2;0,1;169,4
Малаховская О.В.Литературное чтение. 3 класс. Тетрадь для самостоятельной работы № 1 ;99.99.99.99.99.99;;Малаховская О.В.;Литературное чтение. 3 класс. Тетрадь для самостоятельной работы № 1 ;тетрадь;3;0,1;169,4
Малаховская О.В.Литературное чтение. 3 класс. Тетрадь для самостоятельной работы № 2 ;99.99.99.99.99.99;;Малаховская О.В.;Литературное чтение. 3 класс. Тетрадь для самостоятельной работы № 2 ;тетрадь;3;0,1;169,4
Малаховская О.В., Чуракова Н.А.Литературное чтение. 4 класс. Тетрадь для самостоятельной работы № 1 ;99.99.99.99.99.99;;Малаховская О.В., Чуракова Н.А.;Литературное чтение. 4 класс. Тетрадь для самостоятельной работы № 1 ;тетрадь;4;0,1;169,4
Малаховская О.В., Чуракова Н.А.Литературное чтение. 4 класс. Тетрадь для самостоятельной работы № 2 ;99.99.99.99.99.99;;Малаховская О.В., Чуракова Н.А.;Литературное чтение. 4 класс. Тетрадь для самостоятельной работы № 2 ;тетрадь;4;0,1;169,4
Тер-Минасова С.Г., Узунова Л.М., Обукаускайте Д.С., Сухина Е.И.Английский язык. 2 класс. Учебник. Часть 1 + CD;1.1.1.3.8.1 ;1.1.1.3.8.1 ;Тер-Минасова С.Г., Узунова Л.М., Обукаускайте Д.С., Сухина Е.И.;Английский язык. 2 класс. Учебник. Часть 1 + CD;учебник;2;0,18;389,4
Тер-Минасова С.Г., Узунова Л.М., Обукаускайте Д.С., Сухина Е.И.Английский язык. 2 класс. Учебник. Часть 2;1.1.1.3.8.1 ;1.1.1.3.8.1 ;Тер-Минасова С.Г., Узунова Л.М., Обукаускайте Д.С., Сухина Е.И.;Английский язык. 2 класс. Учебник. Часть 2;учебник;2;0,1;338,8
Тер-Минасова С.Г., Узунова Л.М., Сухина Е.И.Английский язык 3 кл. Учебник. Часть 1 + CD;1.1.1.3.8.2 ;1.1.1.3.8.2 ;Тер-Минасова С.Г., Узунова Л.М., Сухина Е.И.;Английский язык 3 кл. Учебник. Часть 1 + CD;учебник;3;0,18;389,4
Тер-Минасова С.Г., Узунова Л.М., Сухина Е.И.Английский язык. 3 класс. Учебник. Часть 2;1.1.1.3.8.2 ;1.1.1.3.8.2 ;Тер-Минасова С.Г., Узунова Л.М., Сухина Е.И.;Английский язык. 3 класс. Учебник. Часть 2;учебник;3;0,1;338,8
Тер-Минасова С.Г., Узунова Л.М., Сухина Е.И., Собещанская Ю.О.Английский язык. 4 класс. Учебник. Часть 1 + CD;1.1.1.3.8.3;1.1.1.3.8.3;Тер-Минасова С.Г., Узунова Л.М., Сухина Е.И., Собещанская Ю.О.;Английский язык. 4 класс. Учебник. Часть 1 + CD;учебник;4;0,18;389,4
Тер-Минасова С.Г., Узунова Л.М., Сухина Е.И., Собещанская Ю.О.Английский язык. 4 класс. Учебник. Часть 2;1.1.1.3.8.3;1.1.1.3.8.3;Тер-Минасова С.Г., Узунова Л.М., Сухина Е.И., Собещанская Ю.О.;Английский язык. 4 класс. Учебник. Часть 2;учебник;4;0,1;338,8
"Тер-Минасова С.Г. и др.Английский язык. 2 класс. Книга для чтения
 ";99.99.99.99.99.99;;Тер-Минасова С.Г. и др.;"Английский язык. 2 класс. Книга для чтения
 ";хрестоматия;2;0,1;290,4
Тер-Минасова С.Г. и др.Английский язык. 3 кл. Книга для чтения;99.99.99.99.99.99;;Тер-Минасова С.Г. и др.;Английский язык. 3 кл. Книга для чтения;хрестоматия;3;0,1;205,7
Тер-Минасова С.Г. и др.Английский язык. 4 класс. Книга для чтения;99.99.99.99.99.99;;Тер-Минасова С.Г. и др.;Английский язык. 4 класс. Книга для чтения;хрестоматия;4;0,1;181,5
"Тер-Минасова С.Г. и др.Английский язык. 2 класс. Рабочая тетрадь 
";99.99.99.99.99.99;;Тер-Минасова С.Г. и др.;"Английский язык. 2 класс. Рабочая тетрадь 
";тетрадь;2;0,1;254,1
Н.В.Бочкова, Н.Н.КузнецоваАнглийский язык. Пишем и играем. Тетрадь по письму. 2 класс;99.99.99.99.99.99;;Н.В.Бочкова, Н.Н.Кузнецова;Английский язык. Пишем и играем. Тетрадь по письму. 2 класс;тетрадь;2;0,1;217,8
Тер-Минасова С.Г. и др.Английский язык. 3 класс. Рабочая тетрадь ;99.99.99.99.99.99;;Тер-Минасова С.Г. и др.;Английский язык. 3 класс. Рабочая тетрадь ;тетрадь;3;0,1;278,3
Тер-Минасова С.Г. и др.Английский язык. 4 класс. Рабочая тетрадь ;99.99.99.99.99.99;;Тер-Минасова С.Г. и др.;Английский язык. 4 класс. Рабочая тетрадь ;тетрадь;4;0,1;242
Чекин А.Л.Математика. 1 класс. Учебник. Часть 1;1.1.2.1.11.1;1.1.2.1.11.1;Чекин А.Л.;Математика. 1 класс. Учебник. Часть 1;учебник;1;0,1;350,9
Чекин А.Л.Математика. 1 класс. Учебник. Часть 2;1.1.2.1.11.1;1.1.2.1.11.1;Чекин А.Л.;Математика. 1 класс. Учебник. Часть 2;учебник;1;0,1;350,9
Чекин А.Л.Математика. 2 класс. Учебник. Часть 1;1.1.2.1.11.2;1.1.2.1.11.2;Чекин А.Л.;Математика. 2 класс. Учебник. Часть 1;учебник;2;0,1;350,9
Чекин А.Л.Математика. 2 класс. Учебник. Часть 2;1.1.2.1.11.2;1.1.2.1.11.2;Чекин А.Л.;Математика. 2 класс. Учебник. Часть 2;учебник;2;0,1;350,9
Чекин А.Л. Математика. 3 класс. Учебник. Часть 1; 1.1.2.1.11.3; 1.1.2.1.11.3;Чекин А.Л. ;Математика. 3 класс. Учебник. Часть 1;учебник;3;0,1;278,3
Чекин А.Л. Математика. 3 класс. Учебник. Часть 2; 1.1.2.1.11.3; 1.1.2.1.11.3;Чекин А.Л. ;Математика. 3 класс. Учебник. Часть 2;учебник;3;0,1;278,3
Чекин А.Л.Математика. 4 класс. Учебник. Часть 1;1.1.2.1.11.4;1.1.2.1.11.4;Чекин А.Л.;Математика. 4 класс. Учебник. Часть 1;учебник;4;0,1;302,5
Чекин А.Л.Математика. 4 класс. Учебник. Часть 2;1.1.2.1.11.4;1.1.2.1.11.4;Чекин А.Л.;Математика. 4 класс. Учебник. Часть 2;учебник;4;0,1;302,5
Захарова О.А., Юдина Е.П.  Математика в вопросах и заданиях. 1 класс. Тетрадь для самостоятельной  работы № 1 ;99.99.99.99.99.99;;Захарова О.А., Юдина Е.П.  ;Математика в вопросах и заданиях. 1 класс. Тетрадь для самостоятельной  работы № 1 ;тетрадь;1;0,1;169,4
Захарова О.А., Юдина Е.П.  Математика в вопросах и заданиях. 1 класс. Тетрадь для самостоятельной  работы № 2 ;99.99.99.99.99.99;;Захарова О.А., Юдина Е.П.  ;Математика в вопросах и заданиях. 1 класс. Тетрадь для самостоятельной  работы № 2 ;тетрадь;1;0,1;169,4
Захарова О.А., Юдина Е.П.  Математика в вопросах и заданиях. 2 класс. Тетрадь для самостоятельной  работы № 1 ;99.99.99.99.99.99;;Захарова О.А., Юдина Е.П.  ;Математика в вопросах и заданиях. 2 класс. Тетрадь для самостоятельной  работы № 1 ;тетрадь;2;0,1;169,4
Захарова О.А., Юдина Е.П.  Математика в вопросах и заданиях. 2 класс. Тетрадь для самостоятельной  работы № 2 ;99.99.99.99.99.99;;Захарова О.А., Юдина Е.П.  ;Математика в вопросах и заданиях. 2 класс. Тетрадь для самостоятельной  работы № 2 ;тетрадь;2;0,1;169,4
Захарова О.А.Математика в практических заданиях. 2 класс. Тетрадь для самостоятельной работы № 3;99.99.99.99.99.99;;Захарова О.А.;Математика в практических заданиях. 2 класс. Тетрадь для самостоятельной работы № 3;тетрадь;2;0,1;133,1
Захарова О.А., Юдина Е.П.  Математика в вопросах и заданиях. 3 класс. Тетрадь для самостоятельной работы № 1 ;99.99.99.99.99.99;;Захарова О.А., Юдина Е.П.  ;Математика в вопросах и заданиях. 3 класс. Тетрадь для самостоятельной работы № 1 ;тетрадь;3;0,1;169,4
Захарова О.А., Юдина Е.П.  Математика в вопросахи заданиях. 3 класс. Тетрадь для самостоятельной работы № 2 ;99.99.99.99.99.99;;Захарова О.А., Юдина Е.П.  ;Математика в вопросахи заданиях. 3 класс. Тетрадь для самостоятельной работы № 2 ;тетрадь;3;0,1;169,4
Захарова О.А.Математика в практических заданиях. 3 класс. Тетрадь для самостоятельной работы № 3;99.99.99.99.99.99;;Захарова О.А.;Математика в практических заданиях. 3 класс. Тетрадь для самостоятельной работы № 3;тетрадь;3;0,1;133,1
Захарова О.А., Юдина Е.П.  Математика в вопросах и заданиях. 4 класс. Тетрадь для самостоятельной работы № 1 ;99.99.99.99.99.99;;Захарова О.А., Юдина Е.П.  ;Математика в вопросах и заданиях. 4 класс. Тетрадь для самостоятельной работы № 1 ;тетрадь;4;0,1;169,4
Захарова О.А., Юдина Е.П.Математика в вопросах и заданиях. 4 класс. Тетрадь для самостоятельной работы № 2 ;99.99.99.99.99.99;;Захарова О.А., Юдина Е.П.;Математика в вопросах и заданиях. 4 класс. Тетрадь для самостоятельной работы № 2 ;тетрадь;4;0,1;169,4
Захарова О.А.Математика в практических заданиях. 4 класс. Тетрадь для самостоятельной работы № 3;99.99.99.99.99.99;;Захарова О.А.;Математика в практических заданиях. 4 класс. Тетрадь для самостоятельной работы № 3;тетрадь;4;0,1;133,1
Р.Г. ЧураковаМатематика. Справочник ученика начальных классов. Единицы измерения величин. Перевод единиц измерения;99.99.99.99.99.99;;Р.Г. Чуракова;Математика. Справочник ученика начальных классов. Единицы измерения величин. Перевод единиц измерения;справочная литература;1-4;0,1;121
Р.Г.ЧураковаМатематика. Справочник ученика начальных классов. Геометрия;99.99.99.99.99.99;;Р.Г.Чуракова;Математика. Справочник ученика начальных классов. Геометрия;справочная литература;1-4;0,1;133,1
Бененсон Е.П., Паутова А. Г.Информатика и ИКТ. 2 класс. Учебник. Часть 1 + CD;2.1.2.2.1.1 ;2.1.2.2.1.1 ;Бененсон Е.П., Паутова А. Г.;Информатика и ИКТ. 2 класс. Учебник. Часть 1 + CD;учебник;2;0,18;389,4
Бененсон Е.П., Паутова А.ГИнформатика и ИКТ. 2 класс. Учебник. Часть 2;2.1.2.2.1.1 ;2.1.2.2.1.1 ;Бененсон Е.П., Паутова А.Г;Информатика и ИКТ. 2 класс. Учебник. Часть 2;учебник;2;0,1;290,4
Бененсон Е.П., Паутова А. Г.Информатика и ИКТ. 3 класс. Учебник. Часть 1 + CD;2.1.2.2.1.2 ;2.1.2.2.1.2 ;Бененсон Е.П., Паутова А. Г.;Информатика и ИКТ. 3 класс. Учебник. Часть 1 + CD;учебник;3;0,18;389,4
Бененсон Е.П., Паутова А. Г.Информатика и ИКТ. 3 класс. Учебник. Часть 2;2.1.2.2.1.2 ;2.1.2.2.1.2 ;Бененсон Е.П., Паутова А. Г.;Информатика и ИКТ. 3 класс. Учебник. Часть 2;учебник;3;0,1;290,4
Бененсон Е.П., Паутова А. Г.Информатика и ИКТ. 4 класс. Учебник. Часть 1 + CD;2.1.2.2.1.3;2.1.2.2.1.3;Бененсон Е.П., Паутова А. Г.;Информатика и ИКТ. 4 класс. Учебник. Часть 1 + CD;учебник;4;0,18;389,4
 Бененсон Е.П., Паутова А. Г.Информатика и ИКТ. 4 класс. Учебник. Часть 2;2.1.2.2.1.3;2.1.2.2.1.3; Бененсон Е.П., Паутова А. Г.;Информатика и ИКТ. 4 класс. Учебник. Часть 2;учебник;4;0,1;290,4
Е.П. Бененсон,             А.Г. ПаутоваИнформатика и ИКТ. Тетрадь для самостоятельной работы. 2 класс. ;99.99.99.99.99.99;;Е.П. Бененсон,             А.Г. Паутова;Информатика и ИКТ. Тетрадь для самостоятельной работы. 2 класс. ;тетрадь;2;0,1;157,3
Е.П. Бененсон,             А.Г. ПаутоваИнформатика и ИКТ. Тетрадь для самостоятельной работы. 3 класс. ;99.99.99.99.99.99;;Е.П. Бененсон,             А.Г. Паутова;Информатика и ИКТ. Тетрадь для самостоятельной работы. 3 класс. ;тетрадь;3;0,1;169,4
Е.П. Бененсон,             А.Г. ПаутоваИнформатика и ИКТ. Тетрадь для самостоятельной работы. 4 класс ;99.99.99.99.99.99;;Е.П. Бененсон,             А.Г. Паутова;Информатика и ИКТ. Тетрадь для самостоятельной работы. 4 класс ;тетрадь;4;0,1;169,4
Паутова А.Г.Информатика и ИКТ. 4 класс. Методическое пособие и комплект компьютерных программ на CD;99.99.99.99.99.99;;Паутова А.Г.;Информатика и ИКТ. 4 класс. Методическое пособие и комплект компьютерных программ на CD;электронное приложение;4;0,18;389,4
Федотова О.Н., Трафимова Г.В., Трафимов С.А.Окружающий мир. 1 класс. Учебник;-;-;Федотова О.Н., Трафимова Г.В., Трафимов С.А.;Окружающий мир. 1 класс. Учебник;учебник;1;0,1;350,9
Федотова О.Н., Трафимова Г.В., Трафимов С.А.Окружающий мир. 2 класс. Учебник. Часть 1;-;-;Федотова О.Н., Трафимова Г.В., Трафимов С.А.;Окружающий мир. 2 класс. Учебник. Часть 1;учебник;2;0,1;338,8
Федотова О.Н., Трафимова Г.В., Трафимов С.А.Окружающий мир. 2 класс. Учебник. Часть 2;-;-;Федотова О.Н., Трафимова Г.В., Трафимов С.А.;Окружающий мир. 2 класс. Учебник. Часть 2;учебник;2;0,1;338,8
Федотова О.Н., Трафимова Г.В., Трафимов С.А., Царёва Л.А.Окружающий мир. 3 класс. Учебник. Часть 1;-;-;Федотова О.Н., Трафимова Г.В., Трафимов С.А., Царёва Л.А.;Окружающий мир. 3 класс. Учебник. Часть 1;учебник;3;0,1;338,8
Федотова О.Н., Трафимова Г.В., Трафимов С.А., Царёва Л.А.Окружающий мир. 3 класс. Учебник. Часть 2;-;-;Федотова О.Н., Трафимова Г.В., Трафимов С.А., Царёва Л.А.;Окружающий мир. 3 класс. Учебник. Часть 2;учебник;3;0,1;338,8
Федотова О.Н., Трафимова Г.В., Трафимов С.А.Окружающий мир. 4 класс. Учебник. Часть 1;-;-;Федотова О.Н., Трафимова Г.В., Трафимов С.А.;Окружающий мир. 4 класс. Учебник. Часть 1;учебник;4;0,1;350,9
Федотова О.Н., Трафимова Г.В., Трафимов С.А.Окружающий мир. 4 класс. Учебник. Часть 2;-;-;Федотова О.Н., Трафимова Г.В., Трафимов С.А.;Окружающий мир. 4 класс. Учебник. Часть 2;учебник;4;0,1;350,9
Федотова О.Н., Трафимова Г.В., Трафимов С.А.Окружающий мир. 1 класс. Хрестоматия;99.99.99.99.99.99;;Федотова О.Н., Трафимова Г.В., Трафимов С.А.;Окружающий мир. 1 класс. Хрестоматия;хрестоматия;1;0,1;278,3
Федотова О.Н., Трафимова Г.В., Трафимов С.А.Окружающий мир. 2 класс. Хрестоматия;99.99.99.99.99.99;;Федотова О.Н., Трафимова Г.В., Трафимов С.А.;Окружающий мир. 2 класс. Хрестоматия;хрестоматия;2;0,1;278,3
Федотова О.Н., Трафимова Г.В., Трафимов С.А.Окружающий мир. 3 класс. Хрестоматия;99.99.99.99.99.99;;Федотова О.Н., Трафимова Г.В., Трафимов С.А.;Окружающий мир. 3 класс. Хрестоматия;хрестоматия;3;0,1;314,6
Федотова О.Н., Трафимова Г.В., Трафимов С.А.Окружающий мир. 1 класс. Тетрадь для самостоятельной работы ;99.99.99.99.99.99;;Федотова О.Н., Трафимова Г.В., Трафимов С.А.;Окружающий мир. 1 класс. Тетрадь для самостоятельной работы ;тетрадь;1;0,1;169,4
Федотова О.Н., Трафимова Г.В., Трафимов С.А.Окружающий мир. 2 класс. Тетрадь для самостоятельной работы № 1 ;99.99.99.99.99.99;;Федотова О.Н., Трафимова Г.В., Трафимов С.А.;Окружающий мир. 2 класс. Тетрадь для самостоятельной работы № 1 ;тетрадь;2;0,1;169,4
Федотова О.Н., Трафимова Г.В., Трафимов С.А.Окружающий мир. 2 класс. Тетрадь для самостоятельной работы № 2 ;99.99.99.99.99.99;;Федотова О.Н., Трафимова Г.В., Трафимов С.А.;Окружающий мир. 2 класс. Тетрадь для самостоятельной работы № 2 ;тетрадь;2;0,1;169,4
Федотова О.Н., Трафимова Г.В., Трафимов С.А., Царева Л.А.Окружающий мир. 3 класс. Тетрадь для самостоятельной работы № 1 ;99.99.99.99.99.99;;Федотова О.Н., Трафимова Г.В., Трафимов С.А., Царева Л.А.;Окружающий мир. 3 класс. Тетрадь для самостоятельной работы № 1 ;тетрадь;3;0,1;169,4
Федотова О.Н., Трафимова Г.В., Трафимов С.А.Окружающий мир. 3 класс. Тетрадь для самостоятельной работы № 2 ;99.99.99.99.99.99;;Федотова О.Н., Трафимова Г.В., Трафимов С.А.;Окружающий мир. 3 класс. Тетрадь для самостоятельной работы № 2 ;тетрадь;3;0,1;169,4
Федотова О.Н., Трафимова Г.В., Трафимов С.А., Кудрова Л.Г.Окружающий мир. 4 класс. Тетрадь для самостоятельной работы № 1 ;99.99.99.99.99.99;;Федотова О.Н., Трафимова Г.В., Трафимов С.А., Кудрова Л.Г.;Окружающий мир. 4 класс. Тетрадь для самостоятельной работы № 1 ;тетрадь;4;0,1;169,4
Федотова О.Н., Трафимова Г.В., Трафимов С.А., Кудрова Л.Г.Окружающий мир. 4 класс. Тетрадь для самостоятельной работы № 2 ;99.99.99.99.99.99;;Федотова О.Н., Трафимова Г.В., Трафимов С.А., Кудрова Л.Г.;Окружающий мир. 4 класс. Тетрадь для самостоятельной работы № 2 ;тетрадь;4;0,1;169,4
Васильева Т.Д., Савченко К.В., Тюляева Т.И.Основы духовно-нравственной культуры народов России. Основы светской этики. 4 класс. Учебник ;1.1.4.1.2.1;1.1.4.1.2.1;Васильева Т.Д., Савченко К.В., Тюляева Т.И.;Основы духовно-нравственной культуры народов России. Основы светской этики. 4 класс. Учебник ;учебник;4;0,1;350,9
Кашекова И.Э., Кашеков А.Л.Изобразительное искусство. 1 класс. Учебник;1.1.5.1.3.1 ;1.1.5.1.3.1 ;Кашекова И.Э., Кашеков А.Л.;Изобразительное искусство. 1 класс. Учебник;учебник;1;0,1;350,9
Кашекова И.Э., Кашеков А.Л.Изобразительное искусство. 2 класс. Учебник; 1.1.5.1.3.2; 1.1.5.1.3.2;Кашекова И.Э., Кашеков А.Л.;Изобразительное искусство. 2 класс. Учебник;учебник;2;0,1;350,9
Кашекова И.Э., Кашеков А.Л.Изобразительное искусство. 3 класс. Учебник; 1.1.5.1.3.3; 1.1.5.1.3.3;Кашекова И.Э., Кашеков А.Л.;Изобразительное искусство. 3 класс. Учебник;учебник;3;0,1;350,9
Кашекова И.Э., Кашеков А.Л.Изобразительное искусство. 4 класс. Учебник; 1.1.5.1.3.4; 1.1.5.1.3.4;Кашекова И.Э., Кашеков А.Л.;Изобразительное искусство. 4 класс. Учебник;учебник;4;0,1;350,9
И.Э. Кашекова, А.Л.КашековИзобразительное искусство. Тетрадь для самостоятельной работы. 1 класс ;99.99.99.99.99.99;;И.Э. Кашекова, А.Л.Кашеков;Изобразительное искусство. Тетрадь для самостоятельной работы. 1 класс ;тетрадь;1;0,1;169,4
И.Э. Кашекова, А.Л.КашековИзобразительное искусство. Тетрадь для самостоятельной работы. 2 класс ;99.99.99.99.99.99;;И.Э. Кашекова, А.Л.Кашеков;Изобразительное искусство. Тетрадь для самостоятельной работы. 2 класс ;тетрадь;2;0,1;181,5
И.Э. Кашекова, А.Л.КашековИзобразительное искусство. Тетрадь для самостоятельной работы. 3 класс ;99.99.99.99.99.99;;И.Э. Кашекова, А.Л.Кашеков;Изобразительное искусство. Тетрадь для самостоятельной работы. 3 класс ;тетрадь;3;0,1;193,6
И.Э. Кашекова, А.Л.КашековИзобразительное искусство. Тетрадь для самостоятельной работы. 4 класс ;99.99.99.99.99.99;;И.Э. Кашекова, А.Л.Кашеков;Изобразительное искусство. Тетрадь для самостоятельной работы. 4 класс ;тетрадь;4;0,1;193,6
Челышева Т.В., Кузнецова В.В.Музыка. 1 класс. Учебник; 1.1.5.2.8.1; 1.1.5.2.8.1;Челышева Т.В., Кузнецова В.В.;Музыка. 1 класс. Учебник;учебник;1;0,1;350,9
Челышева Т.В., Кузнецова В.В.Музыка. 2 класс. Учебник; 1.1.5.2.8.2; 1.1.5.2.8.2;Челышева Т.В., Кузнецова В.В.;Музыка. 2 класс. Учебник;учебник;2;0,1;338,8
Челышева Т.В., Кузнецова В.В.Музыка. 3 класс. Учебник; 1.1.5.2.8.3; 1.1.5.2.8.3;Челышева Т.В., Кузнецова В.В.;Музыка. 3 класс. Учебник;учебник;3;0,1;338,8
Челышева Т.В., Кузнецова В.В.Музыка. 4 класс. Учебник; 1.1.5.2.8.4; 1.1.5.2.8.4;Челышева Т.В., Кузнецова В.В.;Музыка. 4 класс. Учебник;учебник;4;0,1;338,8
Т.В. Челышева,           В.В. КузнецоваМузыка. Тетрадь для самостоятельной работы. 1 класс ;99.99.99.99.99.99;;Т.В. Челышева,           В.В. Кузнецова;Музыка. Тетрадь для самостоятельной работы. 1 класс ;тетрадь;1;0,1;169,4
Т.В. Челышева,           В.В. КузнецоваМузыка. Тетрадь для самостоятельной работы. 2 класс ;99.99.99.99.99.99;;Т.В. Челышева,           В.В. Кузнецова;Музыка. Тетрадь для самостоятельной работы. 2 класс ;тетрадь;2;0,1;169,4
Т.В. Челышева,           В.В. КузнецоваМузыка. Тетрадь для самостоятельной работы. 3 класс ;99.99.99.99.99.99;;Т.В. Челышева,           В.В. Кузнецова;Музыка. Тетрадь для самостоятельной работы. 3 класс ;тетрадь;3;0,1;169,4
Т.В. Челышева,           В.В. КузнецоваМузыка. Тетрадь для самостоятельной работы. 4 класс ;99.99.99.99.99.99;;Т.В. Челышева,           В.В. Кузнецова;Музыка. Тетрадь для самостоятельной работы. 4 класс ;тетрадь;4;0,1;181,5
Рагозина Т.М., Гринёва А.А.Технология. 1 класс. Учебник; 1.1.6.1.8.1; 1.1.6.1.8.1;Рагозина Т.М., Гринёва А.А.;Технология. 1 класс. Учебник;учебник;1;0,1;350,9
Рагозина Т.М., Гринёва А.А., Голованова И.Л.Технология. 2 класс. Учебник; 1.1.6.1.8.2; 1.1.6.1.8.2;Рагозина Т.М., Гринёва А.А., Голованова И.Л.;Технология. 2 класс. Учебник;учебник;2;0,1;338,8
Рагозина Т.М., Гринёва А.А., Мылова И.Б.Технология. 3 класс. Учебник; 1.1.6.1.8.3; 1.1.6.1.8.3;Рагозина Т.М., Гринёва А.А., Мылова И.Б.;Технология. 3 класс. Учебник;учебник;3;0,1;350,9
Рагозина Т.М., Гринёва А.А., Мылова И.Б.Технология. 4 класс. Учебник;1.1.6.1.8.4 ;1.1.6.1.8.4 ;Рагозина Т.М., Гринёва А.А., Мылова И.Б.;Технология. 4 класс. Учебник;учебник;4;0,1;350,9
В.С. СергееваТехнология. Практика работы на компьютере. Тетрадь для самостоятельной работы. 3 класс;99.99.99.99.99.99;;В.С. Сергеева;Технология. Практика работы на компьютере. Тетрадь для самостоятельной работы. 3 класс;тетрадь;3;0,1;121
В.С. СергееваТехнология. Практика работы на компьютере. Тетрадь для самостоятельной работы. 4класс;99.99.99.99.99.99;;В.С. Сергеева;Технология. Практика работы на компьютере. Тетрадь для самостоятельной работы. 4класс;тетрадь;4;0,1;133,1
Т.М. РагозинаТехнология. Тетрадь для самостоятельной работы. 1 класс ;99.99.99.99.99.99;;Т.М. Рагозина;Технология. Тетрадь для самостоятельной работы. 1 класс ;тетрадь;1;0,1;133,1
Т.М. РагозинаТехнология. Тетрадь для самостоятельной работы. 2 класс ;99.99.99.99.99.99;;Т.М. Рагозина;Технология. Тетрадь для самостоятельной работы. 2 класс ;тетрадь;2;0,1;133,1
Т.М. РагозинаТехнология. Тетрадь для самостоятельной работы. 3 класс ;99.99.99.99.99.99;;Т.М. Рагозина;Технология. Тетрадь для самостоятельной работы. 3 класс ;тетрадь;3;0,1;133,1
Т.М. РагозинаТехнология. Тетрадь для самостоятельной работы. 4 класс ;99.99.99.99.99.99;;Т.М. Рагозина;Технология. Тетрадь для самостоятельной работы. 4 класс ;тетрадь;4;0,1;133,1
Шишкина А.В., Алимпиева О.П., Брехов Л.В.Физическая культура. 1,2 класс. Учебник;1.1.7.1.9.1;1.1.7.1.9.1;Шишкина А.В., Алимпиева О.П., Брехов Л.В.;Физическая культура. 1,2 класс. Учебник;учебник;1-2;0,1;326,7
Шишкина А.В., Алимпиева О.П., Бисеров В.В.Физическая культура. 3,4 класс. Учебник;1.1.7.1.9.2 ;1.1.7.1.9.2 ;Шишкина А.В., Алимпиева О.П., Бисеров В.В.;Физическая культура. 3,4 класс. Учебник;учебник;3-4;0,1;326,7
Чуракова Р.Г., Чуракова Н.А., Ямшинина С.Н.Итоговая комплексная работа на основе единого текста. 1 класс. Тетрадь;99.99.99.99.99.99;;Чуракова Р.Г., Чуракова Н.А., Ямшинина С.Н.;Итоговая комплексная работа на основе единого текста. 1 класс. Тетрадь;тетрадь;1;0,1;133,1
Чуракова Р.Г., Лаврова Н.М., Ямшинина С.Н.Итоговая комплексная работа на основе единого текста. 2 класс. Тетрадь;99.99.99.99.99.99;;Чуракова Р.Г., Лаврова Н.М., Ямшинина С.Н.;Итоговая комплексная работа на основе единого текста. 2 класс. Тетрадь;тетрадь;2;0,1;145,2
Чуракова Р.Г., Лаврова Н.М.Итоговая комплексная работа на основе единого текста. 3 класс. Тетрадь;99.99.99.99.99.99;;Чуракова Р.Г., Лаврова Н.М.;Итоговая комплексная работа на основе единого текста. 3 класс. Тетрадь;тетрадь;3;0,1;145,2
Чуракова Р.Г., Лаврова Н.М.Итоговая аттестация выпускников начальной школы. Комплексная работа. 4 класс. Тетрадь;99.99.99.99.99.99;;Чуракова Р.Г., Лаврова Н.М.;Итоговая аттестация выпускников начальной школы. Комплексная работа. 4 класс. Тетрадь;тетрадь;4;0,1;145,2
О.А.ЗахароваМатематика. Подготовка к Всероссийской проверочной работе. 4 класс.;99.99.99.99.99.99;;О.А.Захарова;Математика. Подготовка к Всероссийской проверочной работе. 4 класс.;тетрадь;4;0,1;133,1
Лаврова Н.М.Азбука. Пишу и проверяю себя. Тетрадь № 1;99.99.99.99.99.99;;Лаврова Н.М.;Азбука. Пишу и проверяю себя. Тетрадь № 1;тетрадь;1;0,1;96,8
Лаврова Н.М.Азбука. Пишу и проверяю себя. Тетрадь № 2;99.99.99.99.99.99;;Лаврова Н.М.;Азбука. Пишу и проверяю себя. Тетрадь № 2;тетрадь;1;0,1;96,8
Лаврова Н.М.Русский язык. 1 класс. Тетрадь для проверочных работ;99.99.99.99.99.99;;Лаврова Н.М.;Русский язык. 1 класс. Тетрадь для проверочных работ;тетрадь;1;0,1;121
Лаврова Н.М. Русский язык. 2 класс. Тетрадь для проверочных работ;99.99.99.99.99.99;;Лаврова Н.М. ;Русский язык. 2 класс. Тетрадь для проверочных работ;тетрадь;2;0,1;121
Лаврова Н.М. Русский язык. 3 класс Тетрадь для проверочных работ;99.99.99.99.99.99;;Лаврова Н.М. ;Русский язык. 3 класс Тетрадь для проверочных работ;тетрадь;3;0,1;133,1
Лаврова Н.М. Русский язык. 4 класс Тетрадь для проверочных работ;99.99.99.99.99.99;;Лаврова Н.М. ;Русский язык. 4 класс Тетрадь для проверочных работ;тетрадь;4;0,1;108,9
Чуракова Р.Г. Математика. 1 класс. Тетрадь для проверочных работ;99.99.99.99.99.99;;Чуракова Р.Г. ;Математика. 1 класс. Тетрадь для проверочных работ;тетрадь;1;0,1;145,2
Чуракова Р.Г.Математика. 2 класс. Тетрадь для проверочных и контрольных работ № 1;99.99.99.99.99.99;;Чуракова Р.Г.;Математика. 2 класс. Тетрадь для проверочных и контрольных работ № 1;тетрадь;2;0,1;133,1
Чуракова Р.Г.Математика. 2 класс. Тетрадь для проверочных и контрольных работ № 2;99.99.99.99.99.99;;Чуракова Р.Г.;Математика. 2 класс. Тетрадь для проверочных и контрольных работ № 2;тетрадь;2;0,1;121
Р.Г. Чуракова,        Г.В ЯнычеваМатематика. Приёмы устного счёта. Обобщающее повторение. Тетрадь для самостоятельной работы. 2 класс;99.99.99.99.99.99;;Р.Г. Чуракова,        Г.В Янычева;Математика. Приёмы устного счёта. Обобщающее повторение. Тетрадь для самостоятельной работы. 2 класс;тетрадь;2;0,1;108,9
Чуракова Р.Г., Янычева Г. В.Математика. 3 класс. Тетрадь для проверочных и контрольных работ № 1;99.99.99.99.99.99;;Чуракова Р.Г., Янычева Г. В.;Математика. 3 класс. Тетрадь для проверочных и контрольных работ № 1;тетрадь;3;0,1;133,1
Чуракова Р.Г., Янычева Г. В.Математика. 3 класс. Тетрадь для проверочных и контрольных работ № 2;99.99.99.99.99.99;;Чуракова Р.Г., Янычева Г. В.;Математика. 3 класс. Тетрадь для проверочных и контрольных работ № 2;тетрадь;3;0,1;121
Р.Г. Чуракова,        Г.В ЯнычеваМатематика. Приёмы устного счёта. Обобщающее повторение. Тетрадь для самостоятельной работы. 3 класс;99.99.99.99.99.99;;Р.Г. Чуракова,        Г.В Янычева;Математика. Приёмы устного счёта. Обобщающее повторение. Тетрадь для самостоятельной работы. 3 класс;тетрадь;3;0,1;96,8
Чуракова Р.Г., Кудрова Л.Г.Математика. 4 класс. Тетрадь для проверочных и контрольных работ № 1;99.99.99.99.99.99;;Чуракова Р.Г., Кудрова Л.Г.;Математика. 4 класс. Тетрадь для проверочных и контрольных работ № 1;тетрадь;4;0,1;108,9
Чуракова Р.Г., Кудрова Л.Г.Математика. 4 класс. Тетрадь для проверочных и контрольных работ № 2;99.99.99.99.99.99;;Чуракова Р.Г., Кудрова Л.Г.;Математика. 4 класс. Тетрадь для проверочных и контрольных работ № 2;тетрадь;4;0,1;108,9
Р.Г. Чуракова, Г.В. ЯнычеваМатематика. Приёмы устного счёта. Обобщающее повторение. Тетрадь для самостоятельной работы. 4 класс;99.99.99.99.99.99;;Р.Г. Чуракова, Г.В. Янычева;Математика. Приёмы устного счёта. Обобщающее повторение. Тетрадь для самостоятельной работы. 4 класс;тетрадь;4;0,1;96,8
Р.Г. Чуракова, Л.Г. КудроваОкружающий мир. Проверочные работы в тестовой форме. 1 класс;99.99.99.99.99.99;;Р.Г. Чуракова, Л.Г. Кудрова;Окружающий мир. Проверочные работы в тестовой форме. 1 класс;тесты;1;0,1;84,7
Р.Г. Чуракова, Л.Г. КудроваОкружающий мир. Проверочные работы в тестовой форме. 2 класс;99.99.99.99.99.99;;Р.Г. Чуракова, Л.Г. Кудрова;Окружающий мир. Проверочные работы в тестовой форме. 2 класс;тесты;2;0,1;108,9
Р.Г.Чуракова, Л.Г.КудроваОкружающий мир. Проверочные работы в тестовой форме. 3 класс;99.99.99.99.99.99;;Р.Г.Чуракова, Л.Г.Кудрова;Окружающий мир. Проверочные работы в тестовой форме. 3 класс;тетрадь;3;0,1;121
Р.Г.Чуракова, Л.Г.КудроваОкружающий мир. Проверочные работы в тестовой форме. 4 класс;99.99.99.99.99.99;;Р.Г.Чуракова, Л.Г.Кудрова;Окружающий мир. Проверочные работы в тестовой форме. 4 класс;тетрадь;4;0,1;108,9
Чуракова Р.Г., Соломатин А.М.Дневник достижений младшего школьника. 1 класс ;99.99.99.99.99.99;;Чуракова Р.Г., Соломатин А.М.;Дневник достижений младшего школьника. 1 класс ;тетрадь;1;0,1;108,9
Р.Г. Чуракова,            А.М. СоломатинДневник достижений младшего школьника. 2 класс ;99.99.99.99.99.99;;Р.Г. Чуракова,            А.М. Соломатин;Дневник достижений младшего школьника. 2 класс ;тетрадь;2;0,1;108,9
Р.Г. Чуракова,            А.М. СоломатинДневник достижений младшего школьника. 3 класс;99.99.99.99.99.99;;Р.Г. Чуракова,            А.М. Соломатин;Дневник достижений младшего школьника. 3 класс;тетрадь;3;0,1;133,1
Р.Г. Чуракова,            А.М. СоломатинДневник достижений младшего школьника. 4 класс;99.99.99.99.99.99;;Р.Г. Чуракова,            А.М. Соломатин;Дневник достижений младшего школьника. 4 класс;тетрадь;4;0,1;157,3
Чуракова Н.А., Малаховская О.В. Музей в твоем классе. Наглядное пособие для занятий по развитию речи, ИЗО, МХК. 1-11 классы. ;99.99.99.99.99.99;;Чуракова Н.А., Малаховская О.В. ;Музей в твоем классе. Наглядное пособие для занятий по развитию речи, ИЗО, МХК. 1-11 классы. ;учебно-наглядное пособие;1-11;0,1;774,4
Захарова О.А.Практические задачи по математике. 2 класс. Тетрадь;99.99.99.99.99.99;;Захарова О.А.;Практические задачи по математике. 2 класс. Тетрадь;тетрадь;2;0,1;133,1
Захарова О.А.Практические задачи по математике. 3 класс. Тетрадь;99.99.99.99.99.99;;Захарова О.А.;Практические задачи по математике. 3 класс. Тетрадь;тетрадь;3;0,1;133,1
Захарова О.А.Практические задачи по математике. 4 класс. Тетрадь;99.99.99.99.99.99;;Захарова О.А.;Практические задачи по математике. 4 класс. Тетрадь;тетрадь;4;0,1;133,1
Н.М.ЛавроваРусский язык. Школьная олимпиада. Тетрадь для самостоятельной работы.  2 класс;99.99.99.99.99.99;;Н.М.Лаврова;Русский язык. Школьная олимпиада. Тетрадь для самостоятельной работы.  2 класс;тетрадь;2;0,1;169,4
Н.М.ЛавроваРусский язык. Школьная олимпиада.Тетрадь для самостоятельной работы.  3 класс;99.99.99.99.99.99;;Н.М.Лаврова;Русский язык. Школьная олимпиада.Тетрадь для самостоятельной работы.  3 класс;тетрадь;3;0,1;157,3
Н.М.ЛавроваРусский язык. Школьная олимпиада. Тетрадь для самостоятельной работы. 4 класс;99.99.99.99.99.99;;Н.М.Лаврова;Русский язык. Школьная олимпиада. Тетрадь для самостоятельной работы. 4 класс;тетрадь;4;0,1;133,1
Р.Г. ЧураковаМатематика. Школьная олимпиада. Тетрадь для самостоятельной работы. 2 класс;99.99.99.99.99.99;;Р.Г. Чуракова;Математика. Школьная олимпиада. Тетрадь для самостоятельной работы. 2 класс;тетрадь;2;0,1;121
Р.Г. ЧураковаМатематика. Школьная олимпиада. Тетрадь для самостоятельной работы. 3 класс;99.99.99.99.99.99;;Р.Г. Чуракова;Математика. Школьная олимпиада. Тетрадь для самостоятельной работы. 3 класс;тетрадь;3;0,1;145,2
Р.Г. Чуракова, Л.Г. КудроваМатематика. Школьная олимпиада. Тетрадь для самостоятельной работы. 4 класс;99.99.99.99.99.99;;Р.Г. Чуракова, Л.Г. Кудрова;Математика. Школьная олимпиада. Тетрадь для самостоятельной работы. 4 класс;тетрадь;4;0,1;121
А.Л.ЧекинМатематика. Цепочки. Тетрадь для внеурочной деятельности. 2 класс;99.99.99.99.99.99;;А.Л.Чекин;Математика. Цепочки. Тетрадь для внеурочной деятельности. 2 класс;тетрадь;2;0,1;133,1
А.Л.ЧекинМатематика. Совокупности элементов.Тетрадь для внеурочной деятельности. 3 класс. ;99.99.99.99.99.99;;А.Л.Чекин;Математика. Совокупности элементов.Тетрадь для внеурочной деятельности. 3 класс. ;тетрадь;3;0,1;145,2
А.Л.ЧекинМатематика. От аршина и ярда к метру. Тетрадь для внеурочной деятельности. 4 класс;99.99.99.99.99.99;;А.Л.Чекин;Математика. От аршина и ярда к метру. Тетрадь для внеурочной деятельности. 4 класс;тетрадь;4;0,1;133,1
А.Г. ПаутоваПутешествие в Компьютерную Долину. Тетрадь для внеурочной деятельности. 2 класс;99.99.99.99.99.99;;А.Г. Паутова;Путешествие в Компьютерную Долину. Тетрадь для внеурочной деятельности. 2 класс;тетрадь;2;0,1;145,2
Р.Г. Чуракова, Г.В.Трафимова, С.А.ТрафимовОкружающий мир. Школьная олимпиада. Тетрадь для самостоятельной работы. 2 класс;99.99.99.99.99.99;;Р.Г. Чуракова, Г.В.Трафимова, С.А.Трафимов;Окружающий мир. Школьная олимпиада. Тетрадь для самостоятельной работы. 2 класс;тетрадь;2;0,1;121
Р.Г. Чуракова, Г.В.Трафимова, С.А.ТрафимовОкружающий мир. Школьная олимпиада. Тетрадь для самостоятельной работы. 3 класс;99.99.99.99.99.99;;Р.Г. Чуракова, Г.В.Трафимова, С.А.Трафимов;Окружающий мир. Школьная олимпиада. Тетрадь для самостоятельной работы. 3 класс;тетрадь;3;0,1;108,9
Р.Г. Чуракова, Г.В.Трафимова, С.А.ТрафимовОкружающий мир. Школьная олимпиада. Тетрадь для самостоятельной работы. 4 класс;99.99.99.99.99.99;;Р.Г. Чуракова, Г.В.Трафимова, С.А.Трафимов;Окружающий мир. Школьная олимпиада. Тетрадь для самостоятельной работы. 4 класс;тетрадь;4;0,1;121
Р.Г. Чуракова, Г.В. ЯнычеваОкружающий мир. Изучаем природу родного края. Тетрадь для внеурочной деятельности. 1 класс;99.99.99.99.99.99;;Р.Г. Чуракова, Г.В. Янычева;Окружающий мир. Изучаем природу родного края. Тетрадь для внеурочной деятельности. 1 класс;тетрадь;1;0,1;145,2
Р.Г. Чуракова, Г.В. ЯнычеваОкружающий мир. Изучаем природу родного края. Тетрадь для внеурочной деятельности. 2 класс;99.99.99.99.99.99;;Р.Г. Чуракова, Г.В. Янычева;Окружающий мир. Изучаем природу родного края. Тетрадь для внеурочной деятельности. 2 класс;тетрадь;2;0,1;145,2
Р.Г. Чуракова, Г.В. ЯнычеваОкружающий мир. Изучаем природу родного края. Тетрадь для внеурочной деятельности. 3 класс;99.99.99.99.99.99;;Р.Г. Чуракова, Г.В. Янычева;Окружающий мир. Изучаем природу родного края. Тетрадь для внеурочной деятельности. 3 класс;тетрадь;3;0,1;145,2
Р.Г. Чуракова Окружающий мир. Изучаем природу родного края. Тетрадь для внеурочной деятельности. 4 класс;99.99.99.99.99.99;;Р.Г. Чуракова ;Окружающий мир. Изучаем природу родного края. Тетрадь для внеурочной деятельности. 4 класс;тетрадь;4;0,1;145,2
Р.Ш. МошнинаОкружающий мир. Здравствуй, мир! Тетрадь для внеурочной деятельности. 1 класс;99.99.99.99.99.99;;Р.Ш. Мошнина;Окружающий мир. Здравствуй, мир! Тетрадь для внеурочной деятельности. 1 класс;тетрадь;1;0,1;133,1
Т.М.РагозинаТехнология. Город мастеров. Тетрадь для внеурочной деятельности. 1 класс;99.99.99.99.99.99;;Т.М.Рагозина;Технология. Город мастеров. Тетрадь для внеурочной деятельности. 1 класс;тетрадь;1;0,1;229,9
Т.М.РагозинаТехнология. Город мастеров. Тетрадь для внеурочной деятельности. 2 класс;99.99.99.99.99.99;;Т.М.Рагозина;Технология. Город мастеров. Тетрадь для внеурочной деятельности. 2 класс;тетрадь;2;0,1;169,4
А.В. ПредитИзобразительное искусство. Мы раскрасим целый свет. Тетрадь для внеурочной деятельности. 1 класс;99.99.99.99.99.99;;А.В. Предит;Изобразительное искусство. Мы раскрасим целый свет. Тетрадь для внеурочной деятельности. 1 класс;тетрадь;1;0,1;133,1
А.В. ПредитИзобразительное искусство. Мы раскрасим целый свет. Тетрадь для внеурочной деятельности. 2 класс;99.99.99.99.99.99;;А.В. Предит;Изобразительное искусство. Мы раскрасим целый свет. Тетрадь для внеурочной деятельности. 2 класс;тетрадь;2;0,1;181,5
А.В. ПредитИзобразительное искусство. Мы раскрасим целый свет. Тетрадь для внеурочной деятельности. 3 класс;99.99.99.99.99.99;;А.В. Предит;Изобразительное искусство. Мы раскрасим целый свет. Тетрадь для внеурочной деятельности. 3 класс;тетрадь;3;0,1;145,2
А.В. ПредитИзобразительное искусство. Мы раскрасим целый свет. Тетрадь для внеурочной деятельности. 4 класс;99.99.99.99.99.99;;А.В. Предит;Изобразительное искусство. Мы раскрасим целый свет. Тетрадь для внеурочной деятельности. 4 класс;тетрадь;4;0,1;121
Тер-Минасова С.Г., Узунова Л.М., Курасовская Ю.Б., Робустова В.В.Английский язык. 5 класс. Учебник. Часть 1 + CD;1.2.1.3.9.1;1.2.1.3.9.1;Тер-Минасова С.Г., Узунова Л.М., Курасовская Ю.Б., Робустова В.В.;Английский язык. 5 класс. Учебник. Часть 1 + CD;учебник;5;0,18;389,4
Тер-Минасова С.Г., Узунова Л.М., Курасовская Ю.Б., Робустова В.В.Английский язык. 5 класс. Учебник. Часть 2;1.2.1.3.9.1;1.2.1.3.9.1;Тер-Минасова С.Г., Узунова Л.М., Курасовская Ю.Б., Робустова В.В.;Английский язык. 5 класс. Учебник. Часть 2;учебник;5;0,1;338,8
Тер-Минасова С.Г., Узунова Л.М., Кутьина О.Г., Ясинская Ю.С.Английский язык. 6 класс. Учебник. Часть 1;1.2.1.3.9.2 ;1.2.1.3.9.2 ;Тер-Минасова С.Г., Узунова Л.М., Кутьина О.Г., Ясинская Ю.С.;Английский язык. 6 класс. Учебник. Часть 1;учебник;6;0,1;363
Тер-Минасова С.Г., Узунова Л.М., Кутьина О.Г., Ясинская Ю.С.Английский язык. 6 класс. Учебник. Часть 2;1.2.1.3.9.2 ;1.2.1.3.9.2 ;Тер-Минасова С.Г., Узунова Л.М., Кутьина О.Г., Ясинская Ю.С.;Английский язык. 6 класс. Учебник. Часть 2;учебник;6;0,1;363
Тер-Минасова С.Г., Узунова Л.М., Кононова Е.В., Робустова В.В., Свиридова Т.Б.Английский язык. 7 класс. Учебник. Часть 1;1.2.1.3.9.3;1.2.1.3.9.3;Тер-Минасова С.Г., Узунова Л.М., Кононова Е.В., Робустова В.В., Свиридова Т.Б.;Английский язык. 7 класс. Учебник. Часть 1;учебник;7;0,1;350,9
Тер-Минасова С.Г., Узунова Л.М., Кононова Е.В., Робустова В.В., Свиридова Т.Б.Английский язык. 7 класс. Учебник. Часть 2;1.2.1.3.9.3;1.2.1.3.9.3;Тер-Минасова С.Г., Узунова Л.М., Кононова Е.В., Робустова В.В., Свиридова Т.Б.;Английский язык. 7 класс. Учебник. Часть 2;учебник;7;0,1;350,9
С.Г. Тер-Минасова, Л.М. Узунова,                 О.Г. Кутьина,                  Ю.С. ЯсинскаяАнглийский язык. 8 класс. Учебник. Часть 1;1.2.1.3.9.4;1.2.1.3.9.4;С.Г. Тер-Минасова, Л.М. Узунова,                 О.Г. Кутьина,                  Ю.С. Ясинская;Английский язык. 8 класс. Учебник. Часть 1;учебник;8;0,1;326,7
С.Г. Тер-Минасова, Л.М. Узунова,                 О.Г. Кутьина,                  Ю.С. ЯсинскаяАнглийский язык. 8 класс. Учебник. Часть 2;1.2.1.3.9.4;1.2.1.3.9.4;С.Г. Тер-Минасова, Л.М. Узунова,                 О.Г. Кутьина,                  Ю.С. Ясинская;Английский язык. 8 класс. Учебник. Часть 2;учебник;8;0,1;326,7
Тер-Минасова С.Г., Узунова Л.М., Кононова Е.В., Робустова В.В.Английский язык. 9 класс. Учебник. Часть 1;1.2.1.3.9.5;1.2.1.3.9.5;Тер-Минасова С.Г., Узунова Л.М., Кононова Е.В., Робустова В.В.;Английский язык. 9 класс. Учебник. Часть 1;учебник;9;0,1;326,7
Тер-Минасова С.Г., Узунова Л.М., Кононова Е.В., Робустова В.В.Английский язык. 9 класс. Учебник. Часть 2;1.2.1.3.9.5;1.2.1.3.9.5;Тер-Минасова С.Г., Узунова Л.М., Кононова Е.В., Робустова В.В.;Английский язык. 9 класс. Учебник. Часть 2;учебник;9;0,1;326,7
Тер-Минасова С.Г., Узунова Л.М., Карпова Н.В.Английский язык. 5 класс. Книга для чтения;99.99.99.99.99.99;;Тер-Минасова С.Г., Узунова Л.М., Карпова Н.В.;Английский язык. 5 класс. Книга для чтения;хрестоматия;5;0,1;181,5
Тер-Минасова С.Г., Узунова Л.М., Кутина О.Г.Английский язык. 6 класс. Книга для чтения;99.99.99.99.99.99;;Тер-Минасова С.Г., Узунова Л.М., Кутина О.Г.;Английский язык. 6 класс. Книга для чтения;хрестоматия;6;0,1;278,3
Тер-Минасова С.Г., Робустова В.В., Карпова Н.В.Английский язык. 5 класс. Рабочая тетрадь;99.99.99.99.99.99;;Тер-Минасова С.Г., Робустова В.В., Карпова Н.В.;Английский язык. 5 класс. Рабочая тетрадь;тетрадь;5;0,1;217,8
Тер-Минасова С.Г.,  Кутина О.Г.Английский язык. 6 класс. Рабочая тетрадь;99.99.99.99.99.99;;Тер-Минасова С.Г.,  Кутина О.Г.;Английский язык. 6 класс. Рабочая тетрадь;тетрадь;6;0,1;266,2
С.Г. Тер-Минасова, Е.В. Кононова, В.В. Робустова       Английский язык. 7 класс. Рабочая тетрадь;99.99.99.99.99.99;;С.Г. Тер-Минасова, Е.В. Кононова, В.В. Робустова       ;Английский язык. 7 класс. Рабочая тетрадь;тетрадь;7;0,1;266,2
С.Г. Тер-Минасова и др.Английский язык. 7 класс. Звуковое пособие к учебнику ;99.99.99.99.99.99;;С.Г. Тер-Минасова и др.;Английский язык. 7 класс. Звуковое пособие к учебнику ;электронное приложение;7;0,18;194,7
С.Г. Тер-Минасова и др.Английский язык. 8 класс. Звуковое пособие к учебнику ;99.99.99.99.99.99;;С.Г. Тер-Минасова и др.;Английский язык. 8 класс. Звуковое пособие к учебнику ;электронное приложение;8;0,18;194,7
С.Г. Тер-Минасова и др.Английский язык. Звуковое пособие к учебнику. 9 класс;99.99.99.99.99.99;;С.Г. Тер-Минасова и др.;Английский язык. Звуковое пособие к учебнику. 9 класс;электронное приложение;9;0,18;194,7
Пономарев М.В., Волкова Е.В., Клоков В.А., Тырин С.В.История России. С древнейших времен до середины XVI в. 6 класс. Атлас;99.99.99.99.99.99;;Пономарев М.В., Волкова Е.В., Клоков В.А., Тырин С.В.;История России. С древнейших времен до середины XVI в. 6 класс. Атлас;атлас;6;0,1;40,15
Пономарев М.В., Клоков В.А., Тырин С.В.История России. Середина XVI-XVIII в. 7 класс. Атлас;99.99.99.99.99.99;;Пономарев М.В., Клоков В.А., Тырин С.В.;История России. Середина XVI-XVIII в. 7 класс. Атлас;атлас;7;0,1;40,15
Пономарев М.В., Клоков В.А., Тырин С.В.История России. XIX в. 8 класс. Атлас;99.99.99.99.99.99;;Пономарев М.В., Клоков В.А., Тырин С.В.;История России. XIX в. 8 класс. Атлас;атлас;8;0,1;40,15
Пономарев М.В., Клоков В.А., Тырин С.В.История России. XX – начало XXI в. 9 класс. Атлас;99.99.99.99.99.99;;Пономарев М.В., Клоков В.А., Тырин С.В.;История России. XX – начало XXI в. 9 класс. Атлас;атлас;9;0,1;51,15
Пономарев М.В., Клоков В.А., Тырин С.В.История России. С древнейших времен до середины XVI в. 6 класс. Контурные карты;99.99.99.99.99.99;;Пономарев М.В., Клоков В.А., Тырин С.В.;История России. С древнейших времен до середины XVI в. 6 класс. Контурные карты;контурные карты;6;0,1;26,95
Пономарев М.В., Клоков В.А., Тырин С.В.История России. Середина XVI-XVIII в. 7 класс. Контурные карты;99.99.99.99.99.99;;Пономарев М.В., Клоков В.А., Тырин С.В.;История России. Середина XVI-XVIII в. 7 класс. Контурные карты;контурные карты;7;0,1;26,95
Пономарев М.В., Клоков В.А., Тырин С.В.История России. XIX в. 8 класс. Контурные карты;99.99.99.99.99.99;;Пономарев М.В., Клоков В.А., Тырин С.В.;История России. XIX в. 8 класс. Контурные карты;контурные карты;8;0,1;26,95
Пономарев М.В., Клоков В.А., Тырин С.В.История России. XX – начало XXI в. 9 класс. Контурные карты;99.99.99.99.99.99;;Пономарев М.В., Клоков В.А., Тырин С.В.;История России. XX – начало XXI в. 9 класс. Контурные карты;контурные карты;9;0,1;26,95
Пономарев М.В., Клоков В.А., Тырин С.В.История древнего мира. 5 класс. Атлас;99.99.99.99.99.99;;Пономарев М.В., Клоков В.А., Тырин С.В.;История древнего мира. 5 класс. Атлас;атлас;5;0,1;51,15
Пономарев М.В., Клоков В.А., Тырин С.В.История Средних веков. 6 класс. Атлас;99.99.99.99.99.99;;Пономарев М.В., Клоков В.А., Тырин С.В.;История Средних веков. 6 класс. Атлас;атлас;6;0,1;51,15
Пономарев М.В., Волкова Е.В., Клоков В.А., Тырин С.В.Новая история. Конец XV – конец XVIII в. 7 класс. Атлас. Часть 1;99.99.99.99.99.99;;Пономарев М.В., Волкова Е.В., Клоков В.А., Тырин С.В.;Новая история. Конец XV – конец XVIII в. 7 класс. Атлас. Часть 1;атлас;7;0,1;40,15
Пономарев М.В., Волкова Е.В., Клоков В.А., Тырин С.В.Новая история. Конец XVIII – начало XX в. 8 класс. Атлас. Часть 2;99.99.99.99.99.99;;Пономарев М.В., Волкова Е.В., Клоков В.А., Тырин С.В.;Новая история. Конец XVIII – начало XX в. 8 класс. Атлас. Часть 2;атлас;8;0,1;40,15
Пономарев М.В., Клоков В.А., Тырин С.В.Новейшая история. ХХ век-начало ХХI века. 9 класс. Атлас;99.99.99.99.99.99;;Пономарев М.В., Клоков В.А., Тырин С.В.;Новейшая история. ХХ век-начало ХХI века. 9 класс. Атлас;атлас;9;0,1;51,15
Пономарев М.В., Клоков В.А., Тырин С.В.История Древнего мира. 5 класс. Контурные карты;99.99.99.99.99.99;;Пономарев М.В., Клоков В.А., Тырин С.В.;История Древнего мира. 5 класс. Контурные карты;контурные карты;5;0,1;26,95
Пономарев М.В., Клоков В.А., Тырин С.В.История Средних веков. 6 класс. Контурные карты;99.99.99.99.99.99;;Пономарев М.В., Клоков В.А., Тырин С.В.;История Средних веков. 6 класс. Контурные карты;контурные карты;6;0,1;26,95
Пономарев М.В., Клоков В.А., Тырин С.В.Новая история. Конец XV – конец XVIII в. 7 класс. Контурные карты. Часть 1;99.99.99.99.99.99;;Пономарев М.В., Клоков В.А., Тырин С.В.;Новая история. Конец XV – конец XVIII в. 7 класс. Контурные карты. Часть 1;контурные карты;7;0,1;26,95
Пономарев М.В., Клоков В.А., Тырин С.В.Новая история. 8 класс. Конец XVIII – конец XX в. Контурные карты. Часть 2;99.99.99.99.99.99;;Пономарев М.В., Клоков В.А., Тырин С.В.;Новая история. 8 класс. Конец XVIII – конец XX в. Контурные карты. Часть 2;контурные карты;8;0,1;26,95
Королькова   Е.С., Суворова  Н.Г.Обществознание. 6 класс. Учебник. Часть 1;99.99.99.99.99.99;;Королькова   Е.С., Суворова  Н.Г.;Обществознание. 6 класс. Учебник. Часть 1;учебник;6;0,1;193,6
Королькова   Е.С., Суворова  Н.Г.Обществознание. 6 класс. Учебник. Часть 2;99.99.99.99.99.99;;Королькова   Е.С., Суворова  Н.Г.;Обществознание. 6 класс. Учебник. Часть 2;учебник;6;0,1;193,6
Суворова  Н.Г., Королькова   Е.С.Обществознание. 7 класс. Учебник;99.99.99.99.99.99;;Суворова  Н.Г., Королькова   Е.С.;Обществознание. 7 класс. Учебник;учебник;7;0,1;217,8
Кишенкова  О.В.Обществознание. 9 класс. Учебник;99.99.99.99.99.99;;Кишенкова  О.В.;Обществознание. 9 класс. Учебник;учебник;9;0,1;217,8
Королькова Е.С.Обществознание. 5 класс. Учебник ;1.2.2.3.2.1;1.2.2.3.2.1;Королькова Е.С.;Обществознание. 5 класс. Учебник ;учебник;5;0,1;350,9
Королькова Е.С.Обществознание. Учебник. 6 класс ; 1.2.2.3.2.2; 1.2.2.3.2.2;Королькова Е.С.;Обществознание. Учебник. 6 класс ;учебник;6;0,1;350,9
Королькова Е.С., Коваль Т.В.Обществознание. Учебник. 7 класс ; 1.2.2.3.2.3; 1.2.2.3.2.3;Королькова Е.С., Коваль Т.В.;Обществознание. Учебник. 7 класс ;учебник;7;0,1;350,9
Королькова Е.С., Коваль Т.В., Королева Г.Э.Обществознание. 8 класс. Учебник; 1.2.2.3.2.4; 1.2.2.3.2.4;Королькова Е.С., Коваль Т.В., Королева Г.Э.;Обществознание. 8 класс. Учебник;учебник;8;0,1;350,9
Королькова Е.С., Коваль Т.В., Королева Г.Э.Обществознание. 9 класс. Учебник;1.2.2.3.2.5 ;1.2.2.3.2.5 ;Королькова Е.С., Коваль Т.В., Королева Г.Э.;Обществознание. 9 класс. Учебник;учебник;9;0,1;350,9
Е.С. Королькова, И.Н. Фёдоров, С.А. ФёдороваОбществознание. Рабочая тетрадь. 5 класс;99.99.99.99.99.99;;Е.С. Королькова, И.Н. Фёдоров, С.А. Фёдорова;Обществознание. Рабочая тетрадь. 5 класс;тетрадь;5;0,1;84,7
Королькова Е.С., Федоров И.Н., Федорова С.А.Обществознание. Рабочая тетрадь. 6 класс;99.99.99.99.99.99;;Королькова Е.С., Федоров И.Н., Федорова С.А.;Обществознание. Рабочая тетрадь. 6 класс;тетрадь;6;0,1;96,8
Е.С. Королькова, И.Н. Фёдоров, С.А. ФёдороваОбществознание. Рабочая тетрадь. 7 класс. ;99.99.99.99.99.99;;Е.С. Королькова, И.Н. Фёдоров, С.А. Фёдорова;Обществознание. Рабочая тетрадь. 7 класс. ;тетрадь;7;0,1;108,9
Е.С. Королькова, И.Н. Фёдоров, С.А. ФёдороваОбществознание. Рабочая тетрадь. 8 класс;99.99.99.99.99.99;;Е.С. Королькова, И.Н. Фёдоров, С.А. Фёдорова;Обществознание. Рабочая тетрадь. 8 класс;тетрадь;8;0,1;133,1
Е.С. Королькова, И.Н. Фёдоров, С.А. ФёдороваОбществознание. Рабочая тетрадь. 9 класс.;99.99.99.99.99.99;;Е.С. Королькова, И.Н. Фёдоров, С.А. Фёдорова;Обществознание. Рабочая тетрадь. 9 класс.;тетрадь;9;0,1;181,5
Суворова  Н.Г.Обществознание. 7 класс. Рабочая тетрадь;99.99.99.99.99.99;;Суворова  Н.Г.;Обществознание. 7 класс. Рабочая тетрадь;тетрадь;7;0,1;72,6
Кишенкова  О.В.Обществознание. 8 класс. Рабочая тетрадь;99.99.99.99.99.99;;Кишенкова  О.В.;Обществознание. 8 класс. Рабочая тетрадь;тетрадь;8;0,1;84,7
Кишенкова  О.В., Федоров И.Н., Федорова С.А.Обществознание. 9 класс. Рабочая тетрадь;99.99.99.99.99.99;;Кишенкова  О.В., Федоров И.Н., Федорова С.А.;Обществознание. 9 класс. Рабочая тетрадь;тетрадь;9;0,1;84,7
В.А. Самкова, Д.И. РокотоваБиология.Учебник. 5 класс;1.2.4.2.7.1 ;1.2.4.2.7.1 ;В.А. Самкова, Д.И. Рокотова;Биология.Учебник. 5 класс;учебник;5;0,1;350,9
Лапшина В.И., Рокотова Д.И.Биология.Учебник. 6 класс;1.2.4.2.7.2 ;1.2.4.2.7.2 ;Лапшина В.И., Рокотова Д.И.;Биология.Учебник. 6 класс;учебник;6;0,1;350,9
А.М. Шереметьева, Д.И. РокотоваБиология. Учебник. 7 класс. Часть 1;1.2.4.2.7.3;1.2.4.2.7.3;А.М. Шереметьева, Д.И. Рокотова;Биология. Учебник. 7 класс. Часть 1;учебник;7;0,1;350,9
А.М. Шереметьева, Д.И. РокотоваБиология. Учебник. 7 класс. Часть 2;1.2.4.2.7.3;1.2.4.2.7.3;А.М. Шереметьева, Д.И. Рокотова;Биология. Учебник. 7 класс. Часть 2;учебник;7;0,1;350,9
В.А. Самкова, Д.И. РокотоваБиология. Рабочая тетрадь. 5 класс;99.99.99.99.99.99;;В.А. Самкова, Д.И. Рокотова;Биология. Рабочая тетрадь. 5 класс;тетрадь;5;0,1;181,5
В.И. Лапшина, Д.И. РокотоваБиология. Рабочая тетрадь. 6 класс;99.99.99.99.99.99;;В.И. Лапшина, Д.И. Рокотова;Биология. Рабочая тетрадь. 6 класс;тетрадь;6;0,1;169,4
Калиничев Н.А.Биология. Тетрадь для проверочных работ. 5 класс;99.99.99.99.99.99;;Калиничев Н.А.;Биология. Тетрадь для проверочных работ. 5 класс;тетрадь;5;0,1;145,2
С.И. Володина, А.М. ПолиевктоваОбществознание. Основы правовых знаний. 8-9 классы. Рабочая тетрадь. Часть 1;99.99.99.99.99.99;;С.И. Володина, А.М. Полиевктова;Обществознание. Основы правовых знаний. 8-9 классы. Рабочая тетрадь. Часть 1;тетрадь;8-9;0,1;96,8
С.И. Володина, А.М. ПолиевктоваОбществознание. Основы правовых знаний. 8-9 классы. Рабочая тетрадь. Часть 2;99.99.99.99.99.99;;С.И. Володина, А.М. Полиевктова;Обществознание. Основы правовых знаний. 8-9 классы. Рабочая тетрадь. Часть 2;тетрадь;8-9;0,1;96,8
Крылова О.В.География. 6 класс. Атлас;99.99.99.99.99.99;;Крылова О.В.;География. 6 класс. Атлас;атлас;6;0,1;70,95
Крылова О.В.География материков и океанов. 7 класс. Атлас;99.99.99.99.99.99;;Крылова О.В.;География материков и океанов. 7 класс. Атлас;атлас;7;0,1;81,95
Крылова О.В.География России. 8 класс. Атлас;99.99.99.99.99.99;;Крылова О.В.;География России. 8 класс. Атлас;атлас;8;0,1;81,95
Крылова О.В.География России. 9 класс. Атлас;99.99.99.99.99.99;;Крылова О.В.;География России. 9 класс. Атлас;атлас;9;0,1;81,95
Крылова О.В.Экономическая и социальная география мира. 10-11 классы. Атлас;99.99.99.99.99.99;;Крылова О.В.;Экономическая и социальная география мира. 10-11 классы. Атлас;атлас;10-11;0,1;81,95
Крылова О.В.География. 6 класс. Контурные карты и сборник задач к атласу;99.99.99.99.99.99;;Крылова О.В.;География. 6 класс. Контурные карты и сборник задач к атласу;контурные карты;6;0,1;33,55
Крылова О.В.География. 7 класс. Контурные карты и сборник задач к атласу;99.99.99.99.99.99;;Крылова О.В.;География. 7 класс. Контурные карты и сборник задач к атласу;контурные карты;7;0,1;33,55
Крылова О.В.География. 8 класс. Контурные карты и сборник задач к атласу;99.99.99.99.99.99;;Крылова О.В.;География. 8 класс. Контурные карты и сборник задач к атласу;контурные карты;8;0,1;37,95
Крылова О.В.География. 9 класс. Контурные карты и сборник задач к атласу;99.99.99.99.99.99;;Крылова О.В.;География. 9 класс. Контурные карты и сборник задач к атласу;контурные карты;9;0,1;37,95
Крылова О.В.География. 10-11 класс. Контурные карты и сборник задач к атласу;99.99.99.99.99.99;;Крылова О.В.;География. 10-11 класс. Контурные карты и сборник задач к атласу;контурные карты;10-11;0,1;37,95
Чесноков А.С., Нешков К.ИДидактические материалы по математике для 5 класса.                                                                      ;99.99.99.99.99.99;;Чесноков А.С., Нешков К.И;Дидактические материалы по математике для 5 класса.                                                                      ;дидактические материалы;5;0,1;145,2
Чесноков А.С., Нешков К.ИДидактические материалы по математике для 6 класса.                                                                   ;99.99.99.99.99.99;;Чесноков А.С., Нешков К.И;Дидактические материалы по математике для 6 класса.                                                                   ;дидактические материалы;6;0,1;169,4
Захарова О.А.Практические задачи по математике. 5-6 классы                  ;99.99.99.99.99.99;;Захарова О.А.;Практические задачи по математике. 5-6 классы                  ;тетрадь;5-6;0,1;84,7
Журин А.А., Корнилаев С.В., Шалашова М.М.Химия. 8 класс. Учебник + CD;99.99.99.99.99.99;;Журин А.А., Корнилаев С.В., Шалашова М.М.;Химия. 8 класс. Учебник + CD;учебник;8;0,18;324,5
Самкова В.А., Шурхал Л.И., Козленко С.И.Экология. Живая планета. Учебное пособие. 5 класс;99.99.99.99.99.99;;Самкова В.А., Шурхал Л.И., Козленко С.И.;Экология. Живая планета. Учебное пособие. 5 класс;учебное пособие;5;0,1;326,7
Самкова В.А., Шурхал Л.И.Экология. Природа, человек, культура.Учебное пособие. 6 класс. ;99.99.99.99.99.99;;Самкова В.А., Шурхал Л.И.;Экология. Природа, человек, культура.Учебное пособие. 6 класс. ;учебное пособие;6;0,1;229,9
Самкова В.А., Шурхал Л.И.Экология. Среды жизни на планете. Учебное пособие. 7 класс.;99.99.99.99.99.99;;Самкова В.А., Шурхал Л.И.;Экология. Среды жизни на планете. Учебное пособие. 7 класс.;учебное пособие;7;0,1;254,1
Самкова В.А.Экология. Экосистемы и человек.Учебное пособие. 8 класс. ;99.99.99.99.99.99;;Самкова В.А.;Экология. Экосистемы и человек.Учебное пособие. 8 класс. ;учебное пособие;8;0,1;326,7
Самкова В.А.Экология. Город, в котором мы живём. Учебное пособие. 9 класс;99.99.99.99.99.99;;Самкова В.А.;Экология. Город, в котором мы живём. Учебное пособие. 9 класс;учебное пособие;9;0,1;387,2
Самкова В.А., Шурхал Л.И.Экология. 5 класс. Практикум;99.99.99.99.99.99;;Самкова В.А., Шурхал Л.И.;Экология. 5 класс. Практикум;тетрадь;5;0,1;84,7
Пономарев М.В., Романов П.М.История России. 6 класс. Тестовые тематические контрольные работы;99.99.99.99.99.99;;Пономарев М.В., Романов П.М.;История России. 6 класс. Тестовые тематические контрольные работы;тесты;6;0,1;66,55
Пономарев М.В., Романов П.М.История России. 7 класс. Тестовые тематические контрольные работы;99.99.99.99.99.99;;Пономарев М.В., Романов П.М.;История России. 7 класс. Тестовые тематические контрольные работы;тесты;7;0,1;66,55
Пономарев М.В., Романов П.М.История России. 8 класс. Тестовые тематические контрольные работы;99.99.99.99.99.99;;Пономарев М.В., Романов П.М.;История России. 8 класс. Тестовые тематические контрольные работы;тесты;8;0,1;66,55
Пономарев М.В., Романов П.М.Готовимся к экзаменам. 9 класс. Тренажер для подготовки к государственной итоговой аттестации за основную школу по истории России;99.99.99.99.99.99;;Пономарев М.В., Романов П.М.;Готовимся к экзаменам. 9 класс. Тренажер для подготовки к государственной итоговой аттестации за основную школу по истории России;тесты;9;0,1;77,55
Королькова Е.С.Обществознание. 6 класс. Тестовые тематические контрольные работы;99.99.99.99.99.99;;Королькова Е.С.;Обществознание. 6 класс. Тестовые тематические контрольные работы;тесты;6;0,1;59,95
Королькова Е.С.Обществознание. 7 класс. Тестовые тематические контрольные работы;99.99.99.99.99.99;;Королькова Е.С.;Обществознание. 7 класс. Тестовые тематические контрольные работы;тесты;7;0,1;59,95
Коваль Т.В.Обществознание. 8 класс. Тестовые тематические контрольные работы;99.99.99.99.99.99;;Коваль Т.В.;Обществознание. 8 класс. Тестовые тематические контрольные работы;тесты;8;0,1;66,55
Королькова Е.С.Готовимся к экзаменам. 9 класс. Тренажер для подготовки к государственной итоговой аттестации за основную школу по обществознанию;99.99.99.99.99.99;;Королькова Е.С.;Готовимся к экзаменам. 9 класс. Тренажер для подготовки к государственной итоговой аттестации за основную школу по обществознанию;тесты;9;0,1;83,05
Крылова   О.В.География. 6 класс. Тестовые тематические контрольные работы;99.99.99.99.99.99;;Крылова   О.В.;География. 6 класс. Тестовые тематические контрольные работы;тесты;6;0,1;59,95
Крылова   О.В.Готовимся к экзаменам. 9 класс. Тренажер для подготовки к государственной итоговой аттестации за основную школу по географии;99.99.99.99.99.99;;Крылова   О.В.;Готовимся к экзаменам. 9 класс. Тренажер для подготовки к государственной итоговой аттестации за основную школу по географии;тесты;9;0,1;77,55
Снастина М.Г.Химия. 8 класс. Тестовые тематические контрольные работы;99.99.99.99.99.99;;Снастина М.Г.;Химия. 8 класс. Тестовые тематические контрольные работы;тесты;8;0,1;55,55
Снастина М.Г.Готовимся к экзаменам. 9 класс. Тренажер для подготовки к государственной итоговой аттестации за основную школу по химии;99.99.99.99.99.99;;Снастина М.Г.;Готовимся к экзаменам. 9 класс. Тренажер для подготовки к государственной итоговой аттестации за основную школу по химии;тесты;9;0,1;66,55
