ФПУ;Код 1С;Издательство;Класс;УМК;Авторы;Наименование;Цена;НДС;
1.1.1.1.11.1;DRF000000000421699;Дрофа;1;УМК Рамзаевой. Русский язык (1-4);Рамзаева Т. Г.;Русский язык. 1 класс;75;0,18;Русский язык. 1 класс (Лицензия 1 год)
1.1.1.1.11.2;DRF000000000421700;Дрофа;2;УМК Рамзаевой. Русский язык (1-4);Рамзаева Т. Г.;Русский язык. 2 класс. Часть 1;75;0,18;Русский язык. 2 класс. Часть 1 (Лицензия 1 год)
99.99.99.99.99.99;DRF000000000421883;Дрофа;2;УМК Рамзаевой. Русский язык (1-4);Рамзаева Т. Г.;Русский язык. 2 класс. Часть 2;75;0,18;Русский язык. 2 класс. Часть 2 (Лицензия 1 год)
1.1.1.1.11.3;DRF000000000421701;Дрофа;3;УМК Рамзаевой. Русский язык (1-4);Рамзаева Т. Г.;Русский язык. 3 класс. Часть 1;75;0,18;Русский язык. 3 класс. Часть 1 (Лицензия 1 год)
99.99.99.99.99.99;DRF000000000421885;Дрофа;3;УМК Рамзаевой. Русский язык (1-4);Рамзаева Т. Г.;Русский язык. 3 класс. Часть 2;75;0,18;Русский язык. 3 класс. Часть 2 (Лицензия 1 год)
1.1.1.1.11.4;DRF000000000421702;Дрофа;4;УМК Рамзаевой. Русский язык (1-4);Рамзаева Т. Г.;Русский язык. 4 класс. Часть 1;75;0,18;Русский язык. 4 класс. Часть 1 (Лицензия 1 год)
99.99.99.99.99.99;DRF000000000421886;Дрофа;4;УМК Рамзаевой. Русский язык (1-4);Рамзаева Т. Г.;Русский язык. 4 класс. Часть 2;75;0,18;Русский язык. 4 класс. Часть 2 (Лицензия 1 год)
1.1.1.2.8.1;DRF000000000421721;Дрофа;1;УМК Рамзаевой. Русский язык (1-4);Тимченко Л. И., Корепова К. Е., Грехнёва Г. М.;Азбука. 1 класс. Часть 1;75;0,18;Азбука. 1 класс. Часть 1 (Лицензия 1 год)
99.99.99.99.99.99;DRF000000000421794;Дрофа;1;УМК Рамзаевой. Русский язык (1-4);Тимченко Л. И., Корепова К. Е., Грехнёва Г. М.;Азбука. 1 класс. Часть 2;75;0,18;Азбука. 1 класс. Часть 2 (Лицензия 1 год)
1.1.1.2.8.2;DRF000000000421722;Дрофа;1;УМК Грехневой. Литературное чтение (1-4);Грехнёва Г. М., Корепова К. Е.;Литературное чтение. 1 класс. Часть 1;75;0,18;Литературное чтение. 1 класс. Часть 1 (Лицензия 1 год)
99.99.99.99.99.99;DRF000000000421795;Дрофа;1;УМК Грехневой. Литературное чтение (1-4);Грехнёва Г. М., Корепова К. Е.;Литературное чтение. 1 класс. Часть 2;75;0,18;Литературное чтение. 1 класс. Часть 2 (Лицензия 1 год)
1.1.1.2.8.3;DRF000000000421723;Дрофа;2;УМК Грехневой. Литературное чтение (1-4);Грехнёва Г. М., Корепова К. Е.;Литературное чтение. 2 класс. Часть 1;75;0,18;Литературное чтение. 2 класс. Часть 1 (Лицензия 1 год)
99.99.99.99.99.99;DRF000000000421796;Дрофа;2;УМК Грехневой. Литературное чтение (1-4);Грехнёва Г. М., Корепова К. Е.;Литературное чтение. 2 класс. Часть 2;75;0,18;Литературное чтение. 2 класс. Часть 2 (Лицензия 1 год)
1.1.1.2.8.4;DRF000000000421724;Дрофа;3;УМК Грехневой. Литературное чтение (1-4);Грехнёва Г. М., Корепова К. Е.;Литературное чтение. 3 класс. Часть 1;75;0,18;Литературное чтение. 3 класс. Часть 1 (Лицензия 1 год)
99.99.99.99.99.99;DRF000000000421809;Дрофа;3;УМК Грехневой. Литературное чтение (1-4);Грехнёва Г. М., Корепова К. Е.;Литературное чтение. 3 класс. Часть 2;75;0,18;Литературное чтение. 3 класс. Часть 2 (Лицензия 1 год)
1.1.1.2.8.5;DRF000000000421732;Дрофа;4;УМК Грехневой. Литературное чтение (1-4);Грехнёва Г. М., Корепова К. Е.;Литературное чтение. 4 класс. Часть 1;75;0,18;Литературное чтение. 4 класс. Часть 1 (Лицензия 1 год)
99.99.99.99.99.99;DRF000000000421811;Дрофа;4;УМК Грехневой. Литературное чтение (1-4);Грехнёва Г. М., Корепова К. Е.;Литературное чтение. 4 класс. Часть 2;75;0,18;Литературное чтение. 4 класс. Часть 2 (Лицензия 1 год)
99.99.99.99.99.99;DRF000000000421824;Дрофа;4;УМК Грехневой. Литературное чтение (1-4);Грехнёва Г. М., Корепова К. Е.;Литературное чтение. 4 класс. Часть 3;75;0,18;Литературное чтение. 4 класс. Часть 3 (Лицензия 1 год)
1.1.1.3.1.1;DRF000000000421642;Дрофа;2;"УМК Афанасьевой-Михеевой. ""Rainbow English"" (2-4)";Афанасьева О. В., Михеева И. В.;Английский язык. Rainbow English. 2 класс. Часть 1;75;0,18;Английский язык. Rainbow English. 2 класс. Часть 1 (Лицензия 1 год)
99.99.99.99.99.99;DRF000000000421862;Дрофа;2;"УМК Афанасьевой-Михеевой. ""Rainbow English"" (2-4)";Афанасьева О. В., Михеева И. В.;Английский язык. Rainbow English. 2 класс. Часть 2;75;0,18;Английский язык. Rainbow English. 2 класс. Часть 2 (Лицензия 1 год)
1.1.1.3.1.2;DRF000000000421643;Дрофа;3;"УМК Афанасьевой-Михеевой. ""Rainbow English"" (2-4)";Михеева И. В., Афанасьева О. В.;Английский язык. Rainbow English. 3 класс. Часть 1;75;0,18;Английский язык. Rainbow English. 3 класс. Часть 1 (Лицензия 1 год)
99.99.99.99.99.99;DRF000000000421863;Дрофа;3;"УМК Афанасьевой-Михеевой. ""Rainbow English"" (2-4)";Афанасьева О. В., Михеева И. В.;Английский язык. Rainbow English. 3 класс. Часть 2;75;0,18;Английский язык. Rainbow English. 3 класс. Часть 2 (Лицензия 1 год)
1.1.1.3.1.3;DRF000000000421644;Дрофа;4;"УМК Афанасьевой-Михеевой. ""Rainbow English"" (2-4)";Афанасьева О. В., Михеева И. В.;Английский язык. Rainbow English. 4 класс. Часть 1;75;0,18;Английский язык. Rainbow English. 4 класс. Часть 1 (Лицензия 1 год)
99.99.99.99.99.99;DRF000000000421864;Дрофа;4;"УМК Афанасьевой-Михеевой. ""Rainbow English"" (2-4)";Афанасьева О. В., Михеева И. В.;Английский язык. Rainbow English. 4 класс. Часть 2;75;0,18;Английский язык. Rainbow English. 4 класс. Часть 2 (Лицензия 1 год)
1.1.1.3.10.1;DRF000000000421654;Дрофа;2;"УМК Гальсковой. ""Deutsch"" (2-4)";Гальскова Н. Д., Гез Н. И.;Немецкий язык. 2 класс;75;0,18;Немецкий язык. 2 класс (Лицензия 1 год)
1.1.1.3.10.2;DRF000000000421656;Дрофа;3;"УМК Гальсковой. ""Deutsch"" (2-4)";Гальскова Н. Д., Гез Н. И.;Немецкий язык. 3 класс;75;0,18;Немецкий язык. 3 класс (Лицензия 1 год)
1.1.1.3.10.3;DRF000000000421657;Дрофа;4;"УМК Гальсковой. ""Deutsch"" (2-4)";Гальскова Н. Д., Гез Н. И.;Немецкий язык. 4 класс;75;0,18;Немецкий язык. 4 класс (Лицензия 1 год)
1.1.2.1.9.1;DRF000000000421703;Дрофа;1;УМК Муравина. Математика (1-4);Муравин Г. К., Муравина О. В.;Математика. 1 класс. Часть 1;75;0,18;Математика. 1 класс. Часть 1 (Лицензия 1 год)
99.99.99.99.99.99;DRF000000000421852;Дрофа;1;УМК Муравина. Математика (1-4);Муравин Г. К., Муравина О. В.;Математика. 1 класс. Часть 2;75;0,18;Математика. 1 класс. Часть 2 (Лицензия 1 год)
1.1.2.1.9.2;DRF000000000421708;Дрофа;2;УМК Муравина. Математика (1-4);Муравин Г. К., Муравина О. В.;Математика. 2 класс. Часть 1;75;0,18;Математика. 2 класс. Часть 1 (Лицензия 1 год)
99.99.99.99.99.99;DRF000000000421853;Дрофа;2;УМК Муравина. Математика (1-4);Муравин Г. К., Муравина О. В.;Математика. 2 класс. Часть 2;75;0,18;Математика. 2 класс. Часть 2 (Лицензия 1 год)
1.1.2.1.9.3;DRF000000000421709;Дрофа;3;УМК Муравина. Математика (1-4);Муравин Г. К., Муравина О. В.;Математика. 3 класс. Часть 1;75;0,18;Математика. 3 класс. Часть 1 (Лицензия 1 год)
99.99.99.99.99.99;DRF000000000421854;Дрофа;3;УМК Муравина. Математика (1-4);Муравин Г. К., Муравина О. В.;Математика. 3 класс. Часть 2;75;0,18;Математика. 3 класс. Часть 2 (Лицензия 1 год)
1.1.2.1.9.4;DRF000000000421710;Дрофа;4;УМК Муравина. Математика (1-4);Муравин Г. К., Муравина О. В.;Математика. 4 класс. Часть 1;75;0,18;Математика. 4 класс. Часть 1 (Лицензия 1 год)
99.99.99.99.99.99;DRF000000000421855;Дрофа;4;УМК Муравина. Математика (1-4);Муравин Г. К., Муравина О. В.;Математика. 4 класс. Часть 2;75;0,18;Математика. 4 класс. Часть 2 (Лицензия 1 год)
1.1.3.1.6.1;DRF000000000421733;Дрофа;1;УМК Саплиной. Окружающий мир (1-4);Саплина Е. В., Саплин А. И., Сивоглазов В. И.;Окружающий мир. 1 класс;75;0,18;Окружающий мир. 1 класс (Лицензия 1 год)
1.1.3.1.6.2;DRF000000000421734;Дрофа;2;УМК Саплиной. Окружающий мир (1-4);Сивоглазов В. И., Саплина Е. В., Саплин А. И.;Окружающий мир. 2 класс;75;0,18;Окружающий мир. 2 класс (Лицензия 1 год)
1.1.3.1.6.3;DRF000000000421735;Дрофа;3;УМК Саплиной. Окружающий мир (1-4);Саплина Е. В., Сивоглазов В. И., Саплин А. И.;Окружающий мир. 3 класс. Часть 2;75;0,18;Окружающий мир. 3 класс. Часть 2 (Лицензия 1 год)
99.99.99.99.99.99;DRF000000000421825;Дрофа;3;УМК Саплиной. Окружающий мир (1-4);Саплина Е. В., Сивоглазов В. И., Саплин А. И.;Окружающий мир. 3 класс. Часть 1;75;0,18;Окружающий мир. 3 класс. Часть 1 (Лицензия 1 год)
1.1.3.1.6.4;DRF000000000421736;Дрофа;4;УМК Саплиной. Окружающий мир (1-4);Саплина Е. В., Саплин А. И., Сивоглазов В. И.;Окружающий мир. 4 класс. Часть 2;75;0,18;Окружающий мир. 4 класс. Часть 2 (Лицензия 1 год)
99.99.99.99.99.99;DRF000000000421856;Дрофа;4;УМК Саплиной. Окружающий мир (1-4);Саплина Е. В., Саплин А. И., Сивоглазов В. И.;Окружающий мир. 4 класс. Часть 1;75;0,18;Окружающий мир. 4 класс. Часть 1 (Лицензия 1 год)
1.1.4.1.1.1;DRF000000000421748;Дрофа;4;УМК Основы религиозных культур и светской этики (4-5);Амиров Р. Б., Воскресенский О. В., Горбачева Т. М., Китинов Б. У., Шапошникова Т. Д.;Основы мировых религиозных культур. 4 класс;75;0,18;Основы мировых религиозных культур. 4 класс (Лицензия 1 год)
1.1.4.1.1.2;DRF000000000421737;Дрофа;4;УМК Основы религиозных культур и светской этики (4-5);Шемшурин А. А., Брунчукова Н. М., Демин Р. Н., Шапошникова Т. Д.;Основы светской этики. 4 класс;75;0,18;Основы светской этики. 4 класс (Лицензия 1 год)
1.1.4.1.1.3;DRF000000000421738;Дрофа;4;УМК Основы религиозных культур и светской этики (4-5);Костюкова Т. А., Воскресенский О. В., Савченко К. В.;Основы православной культуры. 4 класс ;75;0,18;Основы православной культуры. 4 класс  (Лицензия 1 год)
1.1.4.1.1.4;DRF000000000421739;Дрофа;4;УМК Основы религиозных культур и светской этики (4-5);Амиров Р. Б., Насртдинова Ю. А., Савченко К. В., Шапошникова Т. Д.;Основы исламской культуры. 4 класс;75;0,18;Основы исламской культуры. 4 класс (Лицензия 1 год)
1.1.4.1.1.5;DRF000000000421740;Дрофа;4;УМК Основы религиозных культур и светской этики (4-5);Пропирный Н. Г., Савченко К. В., Бурмина Т. Ю.;Основы иудейской культуры. 4 класс;75;0,18;Основы иудейской культуры. 4 класс (Лицензия 1 год)
1.1.4.1.1.6;DRF000000000421747;Дрофа;4;УМК Основы религиозных культур и светской этики (4-5);Китинов Б. У., Савченко К. В., Якушкина М. С.;Основы буддийской культуры. 4 класс;75;0,18;Основы буддийской культуры. 4 класс (Лицензия 1 год)
1.1.5.1.5.1;DRF000000000421681;Дрофа;1;УМК Кузина. Изобразительное искусство (1-4);Кузин В. С., Кубышкина Э. И.;Изобразительное искусство. 1 класс;75;0,18;Изобразительное искусство. 1 класс (Лицензия 1 год)
1.1.5.1.5.2;DRF000000000421682;Дрофа;2;УМК Кузина. Изобразительное искусство (1-4);Кузин В. С., Кубышкина Э. И.;Изобразительное искусство. 2 класс;75;0,18;Изобразительное искусство. 2 класс (Лицензия 1 год)
1.1.5.1.5.3;DRF000000000421683;Дрофа;3;УМК Кузина. Изобразительное искусство (1-4);Кузин В. С., Кубышкина Э. И.;Изобразительное искусство. 3 класс;75;0,18;Изобразительное искусство. 3 класс (Лицензия 1 год)
1.1.5.1.5.4;DRF000000000421684;Дрофа;4;УМК Кузина. Изобразительное искусство (1-4);Кузин В. С.;Изобразительное искусство. 4 класс;75;0,18;Изобразительное искусство. 4 класс (Лицензия 1 год)
1.1.5.2.1.1;DRF000000000421713;Дрофа;1;УМК Алеева. Музыка (1-4);Алеев В. В., Кичак Т. Н.;Искусство. Музыка. 1 класс. Часть 1;75;0,18;Искусство. Музыка. 1 класс. Часть 1 (Лицензия 1 год)
99.99.99.99.99.99;DRF000000000421880;Дрофа;1;УМК Алеева. Музыка (1-4);Алеев В. В., Кичак Т. Н.;Искусство. Музыка. 1 класс. Часть 2;75;0,18;Искусство. Музыка. 1 класс. Часть 2 (Лицензия 1 год)
1.1.5.2.1.2;DRF000000000421714;Дрофа;2;УМК Алеева. Музыка (1-4);Алеев В. В., Кичак Т. Н.;Искусство. Музыка. 2 класс;75;0,18;Искусство. Музыка. 2 класс (Лицензия 1 год)
1.1.5.2.1.3;DRF000000000421715;Дрофа;3;УМК Алеева. Музыка (1-4);Алеев В. В., Кичак Т. Н.;Искусство. Музыка. 3 класс. Часть 1;75;0,18;Искусство. Музыка. 3 класс. Часть 1 (Лицензия 1 год)
99.99.99.99.99.99;DRF000000000421881;Дрофа;3;УМК Алеева. Музыка (1-4);Алеев В. В., Кичак Т. Н.;Искусство. Музыка. 3 класс. Часть 2;75;0,18;Искусство. Музыка. 3 класс. Часть 2 (Лицензия 1 год)
1.1.5.2.1.4;DRF000000000421716;Дрофа;4;УМК Алеева. Музыка (1-4);Алеев В. В.;Искусство. Музыка. 4 класс. Часть 1;75;0,18;Искусство. Музыка. 4 класс. Часть 1 (Лицензия 1 год)
99.99.99.99.99.99;DRF000000000421882;Дрофа;4;УМК Алеева. Музыка (1-4);Алеев В. В.;Искусство. Музыка. 4 класс. Часть 2;75;0,18;Искусство. Музыка. 4 класс. Часть 2 (Лицензия 1 год)
1.1.6.1.5.1;DRF000000000421741;Дрофа;1;УМК Малышевой. Технология (1-4);Малышева Н. А.;Технология. 1 класс;75;0,18;Технология. 1 класс (Лицензия 1 год)
1.1.6.1.5.2;DRF000000000421742;Дрофа;2;УМК Малышевой. Технология (1-4);Малышева Н. А.;Технология. 2 класс;75;0,18;Технология. 2 класс (Лицензия 1 год)
1.1.6.1.5.3;DRF000000000421743;Дрофа;3;УМК Малышевой. Технология (1-4);Малышева Н. А.;Технология. 3 класс. Часть 1 ;75;0,18;Технология. 3 класс. Часть 1  (Лицензия 1 год)
99.99.99.99.99.99;DRF000000000421857;Дрофа;3;УМК Малышевой. Технология (1-4);Малышева Н. А.;Технология. 3 класс. Часть 2;75;0,18;Технология. 3 класс. Часть 2 (Лицензия 1 год)
1.1.6.1.5.4;DRF000000000421744;Дрофа;4;УМК Малышевой. Технология (1-4);Малышева Н. А.;Технология. 4 класс. Часть 1;75;0,18;Технология. 4 класс. Часть 1 (Лицензия 1 год)
99.99.99.99.99.99;DRF000000000421858;Дрофа;4;УМК Малышевой. Технология (1-4);Малышева Н. А.;Технология. 4 класс. Часть 2;75;0,18;Технология. 4 класс. Часть 2 (Лицензия 1 год)
1.1.7.1.6.1;DRF000000000421591;Дрофа;1-2;УМК Погадаева. Физическая культура (1-4);Погадаев Г. И.;Физическая культура. 1-2 класс;75;0,18;Физическая культура. 1-2 класс (Лицензия 1 год)
1.1.7.1.6.2;DRF000000000421592;Дрофа;3-4;УМК Погадаева. Физическая культура (1-4);Погадаев Г. И.;Физическая культура. 3-4 класс;75;0,18;Физическая культура. 3-4 класс (Лицензия 1 год)
1.2.1.1.1.1;DRF000000000421665;Дрофа;5-6-7-8-9;;Бабайцева В. В.;Русский язык. Углубленное изучение. 5-9 классы;75;0,18;Русский язык. Углубленное изучение. 5-9 классы (Лицензия 1 год)
1.2.1.1.2.1;DRF000000000421730;Дрофа;5-6-7-8-9;УМК Бабайцевой. Русский язык (5-9);Бабайцева В. В., Чеснокова Л. Д.;Русский язык. 5-9 класс;75;0,18;Русский язык. 5-9 класс (Лицензия 1 год)
1.2.1.1.2.2;DRF000000000421514;Дрофа;5;УМК Бабайцевой. Русский язык (5-9);Купалова А. Ю., Еремеева А. П., Лидман-Орлова Г. К.;Русский язык. Практика. 5 класс;75;0,18;Русский язык. Практика. 5 класс (Лицензия 1 год)
99.99.99.99.99.99;DRF000000000421725;Дрофа;5;УМК Бабайцевой. Русский язык (5-9);Никитина Е. И.;Русский язык. Русская речь. 5 класс;75;0,18;Русский язык. Русская речь. 5 класс (Лицензия 1 год)
1.2.1.1.2.3;DRF000000000421515;Дрофа;6;УМК Бабайцевой. Русский язык (5-9);Лидман-Орлова Г. К., Пименова С. Н., Еремеева А. П.;Русский язык. Практика. 6 класс;75;0,18;Русский язык. Практика. 6 класс (Лицензия 1 год)
99.99.99.99.99.99;DRF000000000421726;Дрофа;6;УМК Бабайцевой. Русский язык (5-9);Никитина Е. И.;Русский язык. Русская речь. 6 класс;75;0,18;Русский язык. Русская речь. 6 класс (Лицензия 1 год)
1.2.1.1.2.4;DRF000000000421614;Дрофа;7;УМК Бабайцевой. Русский язык (5-9);Пименова С. Н.;Русский язык. Практика. 7 класс;75;0,18;Русский язык. Практика. 7 класс (Лицензия 1 год)
99.99.99.99.99.99;DRF000000000421727;Дрофа;7;УМК Бабайцевой. Русский язык (5-9);Никитина Е. И.;Русский язык. Русская речь. 7 класс;75;0,18;Русский язык. Русская речь. 7 класс (Лицензия 1 год)
1.2.1.1.2.5;DRF000000000421615;Дрофа;8;УМК Бабайцевой. Русский язык (5-9);Пичугов Ю. С., Еремеева А. П., Купалова А. Ю.;Русский язык. Практика. 8 класс;75;0,18;Русский язык. Практика. 8 класс (Лицензия 1 год)
99.99.99.99.99.99;DRF000000000421728;Дрофа;8;УМК Бабайцевой. Русский язык (5-9);Никитина Е. И.;Русский язык. Русская речь. 8 класс;75;0,18;Русский язык. Русская речь. 8 класс (Лицензия 1 год)
1.2.1.1.2.6;DRF000000000421662;Дрофа;9;УМК Бабайцевой. Русский язык (5-9);Пичугов Ю. С., Еремеева А. П., Купалова А. Ю.;Русский язык. Практика. 9 класс;75;0,18;Русский язык. Практика. 9 класс (Лицензия 1 год)
99.99.99.99.99.99;DRF000000000421729;Дрофа;9;УМК Бабайцевой. Русский язык (5-9);Никитина Е. И.;Русский язык. Русская речь. 9 класс;75;0,18;Русский язык. Русская речь. 9 класс (Лицензия 1 год)
1.2.1.1.5.1;DRF000000000421491;Дрофа;5;УМК Разумовской. Русский язык (5-9);Разумовская М. М., Львова С. И., Капинос В. И.;Русский язык. 5 класс;75;0,18;Русский язык. 5 класс (Лицензия 1 год)
1.2.1.1.5.2;DRF000000000421597;Дрофа;6;УМК Разумовской. Русский язык (5-9);Разумовская М. М., Львова С. И., Капинос В. И.;Русский язык. 6 класс;75;0,18;Русский язык. 6 класс (Лицензия 1 год)
1.2.1.1.5.3;DRF000000000421611;Дрофа;7;УМК Разумовской. Русский язык (5-9);Разумовская М. М., Львова С. И., Капинос В. И.;Русский язык. 7 класс;75;0,18;Русский язык. 7 класс (Лицензия 1 год)
1.2.1.1.5.4;DRF000000000421612;Дрофа;8;УМК Разумовской. Русский язык (5-9);Разумовская М. М., Львова С. И., Капинос В. И., Лекант П. А.;Русский язык. 8 класс;75;0,18;Русский язык. 8 класс (Лицензия 1 год)
1.2.1.1.5.5;DRF000000000421613;Дрофа;9;УМК Разумовской. Русский язык (5-9);Разумовская М. М., Львова С. И., Капинос В. И., Львов В. В.;Русский язык. 9 класс;75;0,18;Русский язык. 9 класс (Лицензия 1 год)
1.2.1.2.2.1;DRF000000000421570;Дрофа;5;УМК Курдюмовой. Литература (5-9);Курдюмова Т. Ф.;Литература. 5 класс. Часть 1;75;0,18;Литература. 5 класс. Часть 1 (Лицензия 1 год)
99.99.99.99.99.99;DRF000000000421797;Дрофа;5;УМК Курдюмовой. Литература (5-9);Курдюмова Т. Ф.;Литература. 5 класс. Часть 2;75;0,18;Литература. 5 класс. Часть 2 (Лицензия 1 год)
1.2.1.2.2.2;DRF000000000421598;Дрофа;6;УМК Курдюмовой. Литература (5-9);Курдюмова Т. Ф.;Литература. 6 класс. Часть 1;75;0,18;Литература. 6 класс. Часть 1 (Лицензия 1 год)
99.99.99.99.99.99;DRF000000000421798;Дрофа;6;УМК Курдюмовой. Литература (5-9);Курдюмова Т. Ф.;Литература. 6 класс. Часть 2;75;0,18;Литература. 6 класс. Часть 2 (Лицензия 1 год)
1.2.1.2.2.3;DRF000000000421599;Дрофа;7;УМК Курдюмовой. Литература (5-9);Курдюмова Т. Ф.;Литература. 7 класс. Часть 1;75;0,18;Литература. 7 класс. Часть 1 (Лицензия 1 год)
99.99.99.99.99.99;DRF000000000421799;Дрофа;7;УМК Курдюмовой. Литература (5-9);Курдюмова Т. Ф.;Литература. 7 класс. Часть 2;75;0,18;Литература. 7 класс. Часть 2 (Лицензия 1 год)
1.2.1.2.2.4;DRF000000000421601;Дрофа;8;УМК Курдюмовой. Литература (5-9);Курдюмова Т. Ф.;Литература. 8 класс. Часть 1;75;0,18;Литература. 8 класс. Часть 1 (Лицензия 1 год)
99.99.99.99.99.99;DRF000000000421802;Дрофа;8;УМК Курдюмовой. Литература (5-9);Курдюмова Т. Ф.;Литература. 8 класс. Часть 2;75;0,18;Литература. 8 класс. Часть 2 (Лицензия 1 год)
1.2.1.2.2.5;DRF000000000421602;Дрофа;9;УМК Курдюмовой. Литература (5-9);Курдюмова Т. Ф., Леонов С. А., Марьина О. Б., Колокольцев Е. Н.;Литература. 9 класс. Часть 1;75;0,18;Литература. 9 класс. Часть 1 (Лицензия 1 год)
99.99.99.99.99.99;DRF000000000421803;Дрофа;9;УМК Курдюмовой. Литература (5-9);Курдюмова Т. Ф., Леонов С. А., Марьина О. Б., Колокольцев Е. Н.;Литература. 9 класс. Часть 2;75;0,18;Литература. 9 класс. Часть 2 (Лицензия 1 год)
1.2.1.3.1.1;DRF000000000421645;Дрофа;5;УМК Афанасьевой-Михеевой. Английский язык как 2 ИЯ (5-9);Афанасьева О. В., Михеева И. В.;Английский язык. Новый курс. 5 класс;75;0,18;Английский язык. Новый курс. 5 класс (Лицензия 1 год)
1.2.1.3.1.2;DRF000000000421646;Дрофа;6;УМК Афанасьевой-Михеевой. Английский язык как 2 ИЯ (5-9);Афанасьева О. В., Михеева И. В.;Английский язык. Новый курс. 6 класс;75;0,18;Английский язык. Новый курс. 6 класс (Лицензия 1 год)
1.2.1.3.1.3;DRF000000000421647;Дрофа;7;УМК Афанасьевой-Михеевой. Английский язык как 2 ИЯ (5-9);Афанасьева О. В., Михеева И. В.;Английский язык. Новый курс. 7 класс;75;0,18;Английский язык. Новый курс. 7 класс (Лицензия 1 год)
1.2.1.3.1.4;DRF000000000421648;Дрофа;8;УМК Афанасьевой-Михеевой. Английский язык как 2 ИЯ (5-9);Афанасьева О. В., Михеева И. В.;Английский язык. Новый курс. 8 класс;75;0,18;Английский язык. Новый курс. 8 класс (Лицензия 1 год)
1.2.1.3.1.5;DRF000000000421649;Дрофа;9;УМК Афанасьевой-Михеевой. Английский язык как 2 ИЯ (5-9);Афанасьева О. В., Михеева И. В.;Английский язык. Новый курс. 9 класс;75;0,18;Английский язык. Новый курс. 9 класс (Лицензия 1 год)
1.2.1.3.11.1;DRF000000000421658;Дрофа;5;;Радченко О. А., Хебелер Г. A., Стёпкин Н. П.;Немецкий язык. 5 класс;75;0,18;Немецкий язык. 5 класс (Лицензия 1 год)
1.2.1.3.11.2;DRF000000000421659;Дрофа;6;;Радченко О. А., Хебелер Г. A.;Немецкий язык. 6 класс;75;0,18;Немецкий язык. 6 класс (Лицензия 1 год)
1.2.1.3.11.3;DRF000000000421660;Дрофа;7;;Радченко О. А., Хебелер Г. A., Хебелер Г. A.;Немецкий язык. 7 класс;75;0,18;Немецкий язык. 7 класс (Лицензия 1 год)
1.2.1.3.11.4;DRF000000000421661;Дрофа;8;;Радченко О. А., Хебелер Г. A.;Немецкий язык. 8 класс;75;0,18;Немецкий язык. 8 класс (Лицензия 1 год)
1.2.1.3.11.5;DRF000000000421674;Дрофа;9;;Радченко О. А., Хебелер Г. A.;Немецкий язык. 9 класс;75;0,18;Немецкий язык. 9 класс (Лицензия 1 год)
1.2.1.3.15.1;DRF000000000421675;Дрофа;5;УМК Шацких. Французский язык как второй иностранный (5-9);Шацких В. Н., Кузнецова О. В., Кузнецова И. Н.;Французский язык. 1-й год обучения. 5 класс. Часть 1;75;0,18;Французский язык. 1-й год обучения. 5 класс. Часть 1 (Лицензия 1 год)
99.99.99.99.99.99;DRF000000000421891;Дрофа;5;УМК Шацких. Французский язык как второй иностранный (5-9);Шацких В. Н., Кузнецова О. В., Кузнецова И. Н.;Французский язык. 1-й год обучения. 5 класс. Часть 2;75;0,18;Французский язык. 1-й год обучения. 5 класс. Часть 2 (Лицензия 1 год)
1.2.1.3.15.2;DRF000000000421678;Дрофа;6;УМК Шацких. Французский язык как второй иностранный (5-9);Шацких В. Н.;Французский язык. 2-й год обучения. 6 класс. Часть 1;75;0,18;Французский язык. 2-й год обучения. 6 класс. Часть 1 (Лицензия 1 год)
99.99.99.99.99.99;DRF000000000421892;Дрофа;6;УМК Шацких. Французский язык как второй иностранный (5-9);Шацких В. Н.;Французский язык. 2-й год обучения. 6 класс. Часть 2;75;0,18;Французский язык. 2-й год обучения. 6 класс. Часть 2 (Лицензия 1 год)
1.2.1.3.15.3;DRF000000000421704;Дрофа;7;УМК Шацких. Французский язык как второй иностранный (5-9);Шацких В. Н., Бабина Л. В., Денискина Л. Ю., Кузнецова И. Н.;Французский язык. 3-й год обучения. 7 класс;75;0,18;Французский язык. 3-й год обучения. 7 класс (Лицензия 1 год)
1.2.1.3.15.4;DRF000000000421705;Дрофа;8;УМК Шацких. Французский язык как второй иностранный (5-9);Шацких В. Н., Бабина Л. В., Денискина Л. Ю., Кузнецова И. Н.;Французский язык. 4-й год обучения. 8 класс;75;0,18;Французский язык. 4-й год обучения. 8 класс (Лицензия 1 год)
1.2.1.3.15.5;DRF000000000421706;Дрофа;9;УМК Шацких. Французский язык как второй иностранный (5-9);Шацких В. Н., Бабина Л. В., Денискина Л. Ю., Кузнецова И. Н.;Французский язык. 5-й год обучения. 9 класс;75;0,18;Французский язык. 5-й год обучения. 9 класс (Лицензия 1 год)
1.2.1.3.2.1;DRF000000000421635;Дрофа;5;"УМК Афанасьевой-Михеевой. ""Rainbow English"" (5-9)";Афанасьева О. В., Михеева И. В., Баранова К. М.;Английский язык. Rainbow English. 5 класс. Часть 1;75;0,18;Английский язык. Rainbow English. 5 класс. Часть 1 (Лицензия 1 год)
99.99.99.99.99.99;DRF000000000421868;Дрофа;5;"УМК Афанасьевой-Михеевой. ""Rainbow English"" (5-9)";Афанасьева О. В., Михеева И. В., Баранова К. М.;Английский язык. Rainbow English. 5 класс. Часть 2;75;0,18;Английский язык. Rainbow English. 5 класс. Часть 2 (Лицензия 1 год)
1.2.1.3.2.2;DRF000000000421636;Дрофа;6;"УМК Афанасьевой-Михеевой. ""Rainbow English"" (5-9)";Афанасьева О. В., Михеева И. В., Баранова К. М.;Английский язык. Rainbow English. 6 класс. Часть 1;75;0,18;Английский язык. Rainbow English. 6 класс. Часть 1 (Лицензия 1 год)
99.99.99.99.99.99;DRF000000000421869;Дрофа;6;"УМК Афанасьевой-Михеевой. ""Rainbow English"" (5-9)";Афанасьева О. В., Михеева И. В., Баранова К. М.;Английский язык. Rainbow English. 6 класс. Часть 2;75;0,18;Английский язык. Rainbow English. 6 класс. Часть 2 (Лицензия 1 год)
1.2.1.3.2.3;DRF000000000421637;Дрофа;7;"УМК Афанасьевой-Михеевой. ""Rainbow English"" (5-9)";Афанасьева О. В., Михеева И. В., Баранова К. М.;Английский язык. Rainbow English. 7 класс. Часть 1;75;0,18;Английский язык. Rainbow English. 7 класс. Часть 1 (Лицензия 1 год)
99.99.99.99.99.99;DRF000000000421865;Дрофа;7;"УМК Афанасьевой-Михеевой. ""Rainbow English"" (5-9)";Афанасьева О. В., Михеева И. В., Баранова К. М.;Английский язык. Rainbow English. 7 класс. Часть 2;75;0,18;Английский язык. Rainbow English. 7 класс. Часть 2 (Лицензия 1 год)
1.2.1.3.2.4;DRF000000000421638;Дрофа;8;"УМК Афанасьевой-Михеевой. ""Rainbow English"" (5-9)";Афанасьева О. В., Михеева И. В., Баранова К. М.;Английский язык. Rainbow English. 8 класс. Часть 1;75;0,18;Английский язык. Rainbow English. 8 класс. Часть 1 (Лицензия 1 год)
99.99.99.99.99.99;DRF000000000421866;Дрофа;8;"УМК Афанасьевой-Михеевой. ""Rainbow English"" (5-9)";Афанасьева О. В., Михеева И. В., Баранова К. М.;Английский язык. Rainbow English. 8 класс. Часть 2;75;0,18;Английский язык. Rainbow English. 8 класс. Часть 2 (Лицензия 1 год)
1.2.1.3.2.5;DRF000000000421639;Дрофа;9;"УМК Афанасьевой-Михеевой. ""Rainbow English"" (5-9)";Афанасьева О. В., Михеева И. В., Баранова К. М.;Английский язык. Rainbow English. 9 класс. Часть 1;75;0,18;Английский язык. Rainbow English. 9 класс. Часть 1 (Лицензия 1 год)
99.99.99.99.99.99;DRF000000000421867;Дрофа;9;"УМК Афанасьевой-Михеевой. ""Rainbow English"" (5-9)";Афанасьева О. В., Михеева И. В., Баранова К. М.;Английский язык. Rainbow English. 9 класс. Часть 2;75;0,18;Английский язык. Rainbow English. 9 класс. Часть 2 (Лицензия 1 год)
1.2.2.1.6.1;DRF000000000421807;Дрофа;6;УМК Андреева-Волобуева. История (6-10);Андреев И. Л., Федоров И. Н.;История России с древнейших времен до XVI века. 6 класс;75;0,18;История России с древнейших времен до XVI века. 6 класс (Лицензия 1 год)
99.99.99.99.99.99;DRF000000000425342;Дрофа;6;;Волкова Е. В., Тырин С. В.;Хрестоматия. История России с древнейших времён до XVI века. 6 класс;75;0,18;Хрестоматия. История России с древнейших времён до XVI века. 6 класс (Лицензия 1 год)
1.2.2.1.6.2;DRF000000000421829;Дрофа;7;УМК Андреева-Волобуева. История (6-10);Андреев И. Л., Фёдоров И., Амосова И. В.;История России. XVI - конец XVII века. 7 класс;75;0,18;История России. XVI - конец XVII века. 7 класс (Лицензия 1 год)
99.99.99.99.99.99;DRF000000000425347;Дрофа;7;;Грико Т. И., Тырин С. В.;Хрестоматия. История России. XVI — конец XVII века. 7 класс;75;0,18;Хрестоматия. История России. XVI — конец XVII века. 7 класс (Лицензия 1 год)
1.2.2.1.6.3;DRF000000000421830;Дрофа;8;УМК Андреева-Волобуева. История (6-10);Андреев И. Л., Амосова И. В., Артасов И. А., Ляшенко Л. М.;История России. Конец XVII - XVIII век. 8 класс;75;0,18;История России. Конец XVII - XVIII век. 8 класс (Лицензия 1 год)
99.99.99.99.99.99;DRF000000000425348;Дрофа;8;;Грико Т. И., Тырин С. В.;Хрестоматия. История России. Конец XVII — XVIII век. 8 класс;75;0,18;Хрестоматия. История России. Конец XVII — XVIII век. 8 класс (Лицензия 1 год)
1.2.2.1.6.4;DRF000000000421832;Дрофа;9;УМК Андреева-Волобуева. История (6-10);Ляшенко Л. М., Волобуев О. В., Симонова Е. В.;История России. XIX - начало XX века. 9 класс;75;0,18;История России. XIX - начало XX века. 9 класс (Лицензия 1 год)
99.99.99.99.99.99;DRF000000000425349;Дрофа;9;;Ляшенко С. М., Тырин С. В.;Хрестоматия. История России. XIX — начало XX века. 9 класс;75;0,18;Хрестоматия. История России. XIX — начало XX века. 9 класс (Лицензия 1 год)
1.2.2.1.6.5;DRF000000000421833;Дрофа;10;УМК Андреева-Волобуева. История (6-10);Волобуев О. В., Карпачёв С. П., Романов П. Н.;История России. Начало XX - начало XXI века. 10 класс;75;0,18;История России. Начало XX - начало XXI века. 10 класс (Лицензия 1 год)
99.99.99.99.99.99;DRF000000000425350;Дрофа;10;;Федоров И. Н., Тырин С. В.;Хрестоматия. История России. Начало XX — начало XXI века. 10 класс;75;0,18;Хрестоматия. История России. Начало XX — начало XXI века. 10 класс (Лицензия 1 год)
1.2.2.2.2.1;DRF000000000421493;Дрофа;5;;Колпаков С. В., Селунская Н. А.;Всеобщая история. История Древнего мира. 5 класс;75;0,18;Всеобщая история. История Древнего мира. 5 класс (Лицензия 1 год)
1.2.2.2.2.2;DRF000000000421569;Дрофа;6;;Пономарев М. В., Абрамов А. В., Тырин С. В.;Всеобщая история. История средних веков. 6 класс;75;0,18;Всеобщая история. История средних веков. 6 класс (Лицензия 1 год)
1.2.2.2.2.3;DRF000000000421572;Дрофа;7;;Ведюшкин В. А., Бурин С. Н.;Всеобщая история. История Нового времени. 7 класс;75;0,18;Всеобщая история. История Нового времени. 7 класс (Лицензия 1 год)
1.2.2.2.2.4;DRF000000000421655;Дрофа;8;;Бурин С. Н., Митрофанов А. А., Пономарев М. В.;Всеобщая история. История Нового времени. 8 класс;75;0,18;Всеобщая история. История Нового времени. 8 класс (Лицензия 1 год)
1.2.2.2.2.5;DRF000000000421574;Дрофа;9;;Шубин А. В.;Всеобщая история. Новейшая история. 9 класс;75;0,18;Всеобщая история. Новейшая история. 9 класс (Лицензия 1 год)
1.2.2.3.3.1;DRF000000000421512;Дрофа;5;;Никитин А. Ф., Никитина Т. И.;Обществознание. 5 класс;75;0,18;Обществознание. 5 класс (Лицензия 1 год)
1.2.2.3.3.2;DRF000000000421564;Дрофа;6;;Никитин А. Ф., Никитина Т. И.;Обществознание. 6 класс;75;0,18;Обществознание. 6 класс (Лицензия 1 год)
1.2.2.3.3.3;DRF000000000421565;Дрофа;7;;Никитин А. Ф., Никитина Т. И.;Обществознание. 7 класс;75;0,18;Обществознание. 7 класс (Лицензия 1 год)
1.2.2.3.3.4;DRF000000000421566;Дрофа;8;;Никитин А. Ф., Никитина Т. И.;Обществознание. 8 класс;75;0,18;Обществознание. 8 класс (Лицензия 1 год)
1.2.2.3.3.5;DRF000000000421567;Дрофа;9;;Никитин А. Ф., Никитина Т. И.;Обществознание. 9 класс;75;0,18;Обществознание. 9 класс (Лицензия 1 год)
1.2.2.4.2.1;DRF000000000421623;Дрофа;5;"УМК География. ""Классическая линия"" (5-9)";Баринова И. И., Плешаков А. А., Сонин Н. И.;География. 5 класс;75;0,18;География. 5 класс (Лицензия 1 год)
1.2.2.4.2.2;DRF000000000421624;Дрофа;6;"УМК География. ""Классическая линия"" (5-9)";Герасимова Т. П., Неклюкова Н. П.;География. Начальный курс. 6 класс;75;0,18;География. Начальный курс. 6 класс (Лицензия 1 год)
1.2.2.4.2.3;DRF000000000421625;Дрофа;7;"УМК География. ""Классическая линия"" (5-9)";Коринская В. А., Душина И. В., Щенев В. А.;География. География материков и океанов. 7 класс;75;0,18;География. География материков и океанов. 7 класс (Лицензия 1 год)
1.2.2.4.2.4;DRF000000000421626;Дрофа;8;"УМК География. ""Классическая линия"" (5-9)";Баринова И. И.;География. География России. Природа. 8 класс;75;0,18;География. География России. Природа. 8 класс (Лицензия 1 год)
1.2.2.4.4.1;DRF000000000421619;Дрофа;5-6;УМК Дронова. География (5-9);Дронов В. П., Савельева Л. Е.;География. Землеведение. 5-6 классы;75;0,18;География. Землеведение. 5-6 классы (Лицензия 1 год)
1.2.2.4.4.2;DRF000000000421620;Дрофа;7;УМК Дронова. География (5-9);Душина И. В., Коринская В. А., Щенев В. А.;География. Материки, океаны, народы и страны. 7 класс;75;0,18;География. Материки, океаны, народы и страны. 7 класс (Лицензия 1 год)
1.2.2.4.4.3;DRF000000000421621;Дрофа;8;УМК Дронова. География (5-9);Дронов В. П., Баринова И. И., Ром В. Я.;География. География России. Природа. Население. Хозяйство. 8 класс;75;0,18;География. География России. Природа. Население. Хозяйство. 8 класс (Лицензия 1 год)
1.2.2.4.5.1;DRF000000000421537;Дрофа;5-6;УМК Климановой-Алексеева. География (5-9);Климанова О. А.;География. 5-6 классы;75;0,18;География. 5-6 классы (Лицензия 1 год)
1.2.2.4.5.2;DRF000000000421616;Дрофа;7;УМК Климановой-Алексеева. География (5-9);Климанова О. А., Климанов В. В., Ким Э. В., Сиротин В. И.;География. Страноведение. 7 класс;75;0,18;География. Страноведение. 7 класс (Лицензия 1 год)
1.2.2.4.5.3;DRF000000000421617;Дрофа;8;УМК Климановой-Алексеева. География (5-9);Алексеев А. И.;География. География России: Природа и население. 8 класс;75;0,18;География. География России: Природа и население. 8 класс (Лицензия 1 год)
1.2.2.4.5.4;DRF000000000421618;Дрофа;9;УМК Климановой-Алексеева. География (5-9);Алексеев А. И.;География. География России. Хозяйство и географические районы. 9 класс;75;0,18;География. География России. Хозяйство и географические районы. 9 класс (Лицензия 1 год)
1.2.3.1.11.1;DRF000000000421488;Дрофа;5;УМК Муравина. Математика (5-6);Муравин Г. К., Муравина О. В.;Математика. 5 класс;75;0,18;Математика. 5 класс (Лицензия 1 год)
1.2.3.1.11.2;DRF000000000421494;Дрофа;6;УМК Муравина. Математика (5-6);Муравин Г. К., Муравина О. В.;Математика. 6 класс;75;0,18;Математика. 6 класс (Лицензия 1 год)
1.2.3.1.11.3;DRF000000000421495;Дрофа;7;УМК Муравина. Алгебра (7-9);Муравин Г. К., Муравин К. С., Муравина О. В.;Алгебра. 7 класс;75;0,18;Алгебра. 7 класс (Лицензия 1 год)
1.2.3.1.11.4;DRF000000000421496;Дрофа;8;УМК Муравина. Алгебра (7-9);Муравин Г. К., Муравин К. С., Муравина О. В.;Алгебра. 8 класс;75;0,18;Алгебра. 8 класс (Лицензия 1 год)
1.2.3.1.11.5;DRF000000000421497;Дрофа;9;УМК Муравина. Алгебра (7-9);Муравин Г. К., Муравин К. С., Муравина О. В.;Алгебра. 9 класс;75;0,18;Алгебра. 9 класс (Лицензия 1 год)
1.2.3.1.12.3;DRF000000000421502;Дрофа;5-6;УМК Шарыгина. Наглядная Геометрия (5-6);Шарыгин И. Ф., Ерганжиева Л. Н.;Наглядная геометрия. 5-6 классы;75;0,18;Наглядная геометрия. 5-6 классы (Лицензия 1 год)
1.2.3.4.2.1;DRF000000000421507;Дрофа;8;УМК Быкадорова. Информатика (8-9);Быкадоров Ю. А.;Информатика. 8 класс;75;0,18;Информатика. 8 класс (Лицензия 1 год)
1.2.3.4.2.2;DRF000000000421508;Дрофа;9;УМК Быкадорова. Информатика (8-9);Быкадоров Ю. А.;Информатика. 9 класс;75;0,18;Информатика. 9 класс (Лицензия 1 год)
1.2.4.1.6.1;DRF000000000421687;Дрофа;7;УМК Перышкина. Физика (7-9);Перышкин А. В.;Физика. 7 класс;75;0,18;Физика. 7 класс (Лицензия 1 год)
1.2.4.1.6.2;DRF000000000421688;Дрофа;8;УМК Перышкина. Физика (7-9);Перышкин А. В.;Физика. 8 класс;75;0,18;Физика. 8 класс (Лицензия 1 год)
1.2.4.1.6.3;DRF000000000421689;Дрофа;9;УМК Перышкина. Физика (7-9);Перышкин А. В., Гутник Е. М.;Физика. 9 класс;75;0,18;Физика. 9 класс (Лицензия 1 год)
1.2.4.1.7.1;DRF000000000421673;Дрофа;7;УМК Пурышевой. Физика (7-9);Пурышева Н. С., Важеевская Н. Е.;Физика. 7 класс;75;0,18;Физика. 7 класс (Лицензия 1 год)
1.2.4.1.7.2;DRF000000000421685;Дрофа;8;УМК Пурышевой. Физика (7-9);Пурышева Н. С., Важеевская Н. Е.;Физика. 8 класс;75;0,18;Физика. 8 класс (Лицензия 1 год)
1.2.4.1.7.3;DRF000000000421686;Дрофа;9;УМК Пурышевой. Физика (7-9);Пурышева Н. С., Важеевская Н. Е., Чаругин В. М.;Физика. 9 класс;75;0,18;Физика. 9 класс (Лицензия 1 год)
1.2.4.2.2.1;DRF000000000421550;Дрофа;5;УМК Пасечника. Биология (5-9);Пасечник В. В.;Биология. Бактерии, грибы, растения. 5 класс;75;0,18;Биология. Бактерии, грибы, растения. 5 класс (Лицензия 1 год)
1.2.4.2.2.2;DRF000000000421551;Дрофа;6;УМК Пасечника. Биология (5-9);Пасечник В. В.;Биология. Многообразие покрытосеменных растений. 6 класс;75;0,18;Биология. Многообразие покрытосеменных растений. 6 класс (Лицензия 1 год)
1.2.4.2.2.3;DRF000000000421552;Дрофа;7;УМК Пасечника. Биология (5-9);Латюшин В. В., Шапкин В. А.;Биология. Животные. 7 класс;75;0,18;Биология. Животные. 7 класс (Лицензия 1 год)
1.2.4.2.2.4;DRF000000000421553;Дрофа;8;УМК Пасечника. Биология (5-9);Колесов Д. В., Маш Р. Д., Беляев И. Н.;Биология. Человек. 8 класс;75;0,18;Биология. Человек. 8 класс (Лицензия 1 год)
1.2.4.2.2.5;DRF000000000421554;Дрофа;9;УМК Пасечника. Биология (5-9);Пасечник В. В., Каменский А. А., Криксунов Е. А., Швецов Г. Г.;Биология. Введение в общую биологию. 9 класс;75;0,18;Биология. Введение в общую биологию. 9 класс (Лицензия 1 год)
1.2.4.2.5.1;DRF000000000421545;Дрофа;5;УМК Сонина. Биология (лин., синяя) (5-9);Плешаков А. А., Сонин Н. И.;Биология. Введение в биологию. 5 класс;75;0,18;Биология. Введение в биологию. 5 класс (Лицензия 1 год)
1.2.4.2.5.2;DRF000000000421546;Дрофа;6;УМК Сонина. Биология (лин., синяя) (5-9);Сонин Н. И., Сонина В. И.;Биология. Живой организм. 6 класс;75;0,18;Биология. Живой организм. 6 класс (Лицензия 1 год)
1.2.4.2.5.3;DRF000000000421547;Дрофа;7;УМК Сонина. Биология (лин., синяя) (5-9);Сонин Н. И., Захаров В. Б.;Биология. Многообразие живых организмов. Бактерии, грибы. 7 класс;75;0,18;Биология. Многообразие живых организмов. Бактерии, грибы. 7 класс (Лицензия 1 год)
1.2.4.2.5.4;DRF000000000421548;Дрофа;8;УМК Сонина. Биология (лин., синяя) (5-9);Сонин Н. И., Захаров В. Б.;Биология. Многообразие живых организмов. Животные. 8 класс;75;0,18;Биология. Многообразие живых организмов. Животные. 8 класс (Лицензия 1 год)
1.2.4.2.5.5;DRF000000000421549;Дрофа;9;УМК Сонина. Биология (лин., синяя) (5-9);Сапин М. Р., Сонин Н. И.;Биология. Человек. 9 класс;75;0,18;Биология. Человек. 9 класс (Лицензия 1 год)
1.2.4.2.9.1;DRF000000000421490;Дрофа;5;УМК Сонина. Биология (концентр., красная) (5-9);Сонин Н. И., Плешаков А. А.;Биология. Введение в биологию. 5 класс;75;0,18;Биология. Введение в биологию. 5 класс (Лицензия 1 год)
1.2.4.2.9.2;DRF000000000421541;Дрофа;6;УМК Сонина. Биология (концентр., красная) (5-9);Сонин Н. И.;Биология. Живой организм. 6 класс;75;0,18;Биология. Живой организм. 6 класс (Лицензия 1 год)
1.2.4.2.9.3;DRF000000000421542;Дрофа;7;УМК Сонина. Биология (концентр., красная) (5-9);Захаров В. Б., Сонин Н. И.;Биология. Многообразие живых организмов. 7 класс;75;0,18;Биология. Многообразие живых организмов. 7 класс (Лицензия 1 год)
1.2.4.2.9.4;DRF000000000421543;Дрофа;8;УМК Сонина. Биология (концентр., красная) (5-9);Сонин Н. И., Сапин М. Р.;Биология. Человек. 8 класс;75;0,18;Биология. Человек. 8 класс (Лицензия 1 год)
1.2.4.2.9.5;DRF000000000421544;Дрофа;9;УМК Сонина. Биология (концентр., красная) (5-9);Мамонтов С. Г., Захаров В. Б., Агафонова И. Б., Сонин Н. И.;Биология. Общие закономерности. 9 класс;75;0,18;Биология. Общие закономерности. 9 класс (Лицензия 1 год)
1.2.4.3.1.1;DRF000000000421666;Дрофа;7;УМК Габриеляна. Вводный курс (7);Габриелян О. С., Остроумов И. Г., Ахлебинин А. К.;Химия. Вводный курс. 7 класс;75;0,18;Химия. Вводный курс. 7 класс (Лицензия 1 год)
1.2.4.3.1.2;DRF000000000421585;Дрофа;8;УМК Габриеляна. Химия (8-9);Габриелян О. С.;Химия. 8 класс;75;0,18;Химия. 8 класс (Лицензия 1 год)
1.2.4.3.1.3;DRF000000000421586;Дрофа;9;УМК Габриеляна. Химия (8-9);Габриелян О. С.;Химия. 9 класс;75;0,18;Химия. 9 класс (Лицензия 1 год)
99.99.99.99.99.99;DRF0000000004215001;Дрофа;8;УМК Лунина. Химия (8-9);Еремин В. В., Кузьменко Н. Е., Дроздов А. А., Лунин В. В.;Химия. 8 класс;75;0,18;Химия. 8 класс (Лицензия 1 год)
99.99.99.99.99.99;DRF0000000004215002;Дрофа;9;УМК Лунина. Химия (8-9);Еремин В. В., Кузьменко Н. Е., Дроздов А. А., Лунин В. В.;Химия. 9 класс;75;0,18;Химия. 9 класс (Лицензия 1 год)
1.2.5.1.3.1;DRF000000000421539;Дрофа;5;УМК Ломова. ИЗО (5-7);Ломов С. П., Игнатьев С. Е., Кармазина М. В.;Искусство. Изобразительное искусство. 5 класс. Часть 1;75;0,18;Искусство. Изобразительное искусство. 5 класс. Часть 1 (Лицензия 1 год)
99.99.99.99.99.99;DRF000000000421879;Дрофа;5;УМК Ломова. ИЗО (5-7);Ломов С. П., Игнатьев С. Е.;Искусство. Изобразительное искусство. 5 класс. Часть 2;75;0,18;Искусство. Изобразительное искусство. 5 класс. Часть 2 (Лицензия 1 год)
1.2.5.1.3.2;DRF000000000421676;Дрофа;6;УМК Ломова. ИЗО (5-7);Ломов С. П., Игнатьев С. Е., Кармазина М. В.;Искусство. Изобразительное искусство. 6 класс. Часть 1;75;0,18;Искусство. Изобразительное искусство. 6 класс. Часть 1 (Лицензия 1 год)
99.99.99.99.99.99;DRF000000000421878;Дрофа;6;УМК Ломова. ИЗО (5-7);Ломов С. П., Игнатьев С. Е., Кармазина М. В.;Искусство. Изобразительное искусство. 6 класс. Часть 2;75;0,18;Искусство. Изобразительное искусство. 6 класс. Часть 2 (Лицензия 1 год)
1.2.5.1.3.3;DRF000000000421677;Дрофа;7;УМК Ломова. ИЗО (5-7);Ломов С. П., Игнатьев С. Е., Кармазина М. В.;Искусство. Изобразительное искусство. 7 класс. Часть 1;75;0,18;Искусство. Изобразительное искусство. 7 класс. Часть 1 (Лицензия 1 год)
99.99.99.99.99.99;DRF000000000421851;Дрофа;7;УМК Ломова. ИЗО (5-7);Ломов С. П., Игнатьев С. Е., Кармазина М. В.;Искусство. Изобразительное искусство. 7 класс. Часть 2;75;0,18;Искусство. Изобразительное искусство. 7 класс. Часть 2 (Лицензия 1 год)
1.2.5.1.3.4;DRF000000000421679;Дрофа;8;;Ломов С. П., Игнатьев С. Е., Кармазина М. В.;Искусство. Изобразительное искусство. 8 класс;75;0,18;Искусство. Изобразительное искусство. 8 класс (Лицензия 1 год)
1.2.5.1.3.5;DRF000000000421680;Дрофа;9;;Ломов С. П., Игнатьев С. Е., Кармазина М. В.;Искусство. Изобразительное искусство. 9 класс;75;0,18;Искусство. Изобразительное искусство. 9 класс (Лицензия 1 год)
1.2.5.2.2.1;DRF000000000421610;Дрофа;5;УМК Алеева. Музыка (5-8);Науменко Т. И., Алеев В. В.;Искусство. Музыка. 5 класс;75;0,18;Искусство. Музыка. 5 класс (Лицензия 1 год)
1.2.5.2.2.2;DRF000000000421717;Дрофа;6;УМК Алеева. Музыка (5-8);Науменко Т. И., Алеев В. В.;Искусство. Музыка. 6 класс;75;0,18;Искусство. Музыка. 6 класс (Лицензия 1 год)
1.2.5.2.2.3;DRF000000000421718;Дрофа;7;УМК Алеева. Музыка (5-8);Науменко Т. И., Алеев В. В.;Искусство. Музыка. 7 класс;75;0,18;Искусство. Музыка. 7 класс (Лицензия 1 год)
1.2.5.2.2.4;DRF000000000421719;Дрофа;8;УМК Алеева. Музыка (5-8);Науменко Т. И., Алеев В. В.;Искусство. Музыка. 8 класс;75;0,18;Искусство. Музыка. 8 класс (Лицензия 1 год)
1.2.5.2.2.5;DRF000000000421720;Дрофа;9;;Науменко Т. И., Алеев В. В.;Искусство. Музыка. 9 класс;75;0,18;Искусство. Музыка. 9 класс (Лицензия 1 год)
1.2.6.1.1.1;DRF000000000421517;Дрофа;5;УМК Глозмана-Кожиной. Технология (5-8);Казакевич В. М., Молева Г. А.;Технология. Технический труд. 5 класс;75;0,18;Технология. Технический труд. 5 класс (Лицензия 1 год)
1.2.6.1.1.2;DRF000000000421518;Дрофа;6;УМК Глозмана-Кожиной. Технология (5-8);Казакевич В. М., Молева Г. А.;Технология. Технический труд. 6 класс;75;0,18;Технология. Технический труд. 6 класс (Лицензия 1 год)
1.2.6.1.1.3;DRF000000000421519;Дрофа;7;УМК Глозмана-Кожиной. Технология (5-8);Казакевич В. М., Молева Г. А.;Технология. Технический труд. 7 класс;75;0,18;Технология. Технический труд. 7 класс (Лицензия 1 год)
1.2.6.1.1.4;DRF000000000421520;Дрофа;8;;Афонин И. В., Блинов В. А., Володин А. А.;Технология. Технический труд. 8 класс;75;0,18;Технология. Технический труд. 8 класс (Лицензия 1 год)
1.2.6.1.2.1;DRF000000000421516;Дрофа;5;;Кожина О. А., Кудакова Е. Н., Маркуцкая С. Э.;Технология. Обслуживающий труд. 5 класс;75;0,18;Технология. Обслуживающий труд. 5 класс (Лицензия 1 год)
1.2.6.1.2.2;DRF000000000421521;Дрофа;6;;Кожина О. А., Кудакова Е. Н., Маркуцкая С. Э.;Технология. Обслуживающий труд. 6 класс;75;0,18;Технология. Обслуживающий труд. 6 класс (Лицензия 1 год)
1.2.6.1.2.3;DRF000000000421522;Дрофа;7;;Кожина О. А., Кудакова Е. Н., Маркуцкая С. Э.;Технология. Обслуживающий труд. 7 класс;75;0,18;Технология. Обслуживающий труд. 7 класс (Лицензия 1 год)
1.2.6.1.2.4;DRF000000000421523;Дрофа;8;;Кожина О. А., Кудакова Е. Н., Маркуцкая С. Э.;Технология. Обслуживающий труд. 8 класс;75;0,18;Технология. Обслуживающий труд. 8 класс (Лицензия 1 год)
1.2.7.1.5.1;DRF000000000421535;Дрофа;5-6;УМК Погадаева. Физическая культура (5-9);Погадаев Г. И.;Физическая культура. 5-6 класс;75;0,18;Физическая культура. 5-6 класс (Лицензия 1 год)
1.2.7.1.5.2;DRF000000000421590;Дрофа;7-9;УМК Погадаева. Физическая культура (5-9);Погадаев Г. И.;Физическая культура. 7-9 класс;75;0,18;Физическая культура. 7-9 класс (Лицензия 1 год)
1.2.7.2.2.1;DRF000000000421531;Дрофа;5;УМК Латчука. ОБЖ (5-9);Поляков В. В., Кузнецов М. И., Марков В. В.;Основы безопасности жизнедеятельности. 5 класс;75;0,18;Основы безопасности жизнедеятельности. 5 класс (Лицензия 1 год)
1.2.7.2.2.2;DRF000000000421578;Дрофа;6;УМК Латчука. ОБЖ (5-9);Маслов А. Г., Марков В. В., Латчук В. Н., Кузнецов М. И.;Основы безопасности жизнедеятельности. 6 класс;75;0,18;Основы безопасности жизнедеятельности. 6 класс (Лицензия 1 год)
1.2.7.2.2.3;DRF000000000421579;Дрофа;7;УМК Латчука. ОБЖ (5-9);Вангородский С. Н., Кузнецов М. И., Латчук В. Н., Марков В. В.;Основы безопасности жизнедеятельности. 7 класс;75;0,18;Основы безопасности жизнедеятельности. 7 класс (Лицензия 1 год)
1.2.7.2.2.4;DRF000000000421580;Дрофа;8;УМК Латчука. ОБЖ (5-9);Вангородский С. Н., Кузнецов М. И., Латчук В. Н., Марков В. В.;Основы безопасности жизнедеятельности. 8 класс;75;0,18;Основы безопасности жизнедеятельности. 8 класс (Лицензия 1 год)
1.2.7.2.2.5;DRF000000000421581;Дрофа;9;УМК Латчука. ОБЖ (5-9);Вангородский С. Н., Кузнецов М. И., Латчук В. Н., Марков В. В.;Основы безопасности жизнедеятельности. 9 класс;75;0,18;Основы безопасности жизнедеятельности. 9 класс (Лицензия 1 год)
1.3.1.1.6.1;DRF000000000421534;Дрофа;10;УМК Пахновой. Русский язык (10-11) (Б);Пахнова Т. М.;Русский язык. 10 класс;75;0,18;Русский язык. 10 класс (Лицензия 1 год)
1.3.1.1.6.2;DRF000000000421571;Дрофа;10;УМК Курдюмовой. Литература (10-11) (Б);Курдюмова Т. Ф., Колокольцев Е. Н., Марьина О. Б.;Литература. Базовый уровень. 10 класс ;75;0,18;Литература. Базовый уровень. 10 класс  (Лицензия 1 год)
1.3.1.1.6.3;DRF000000000421664;Дрофа;11;УМК Пахновой. Русский язык (10-11) (Б);Пахнова Т. М.;Русский язык. 11 класс;75;0,18;Русский язык. 11 класс (Лицензия 1 год)
1.3.1.1.6.4;DRF000000000421604;Дрофа;11;УМК Курдюмовой. Литература (10-11) (Б);Курдюмова Т. Ф., Колокольцев Е. Н., Марьина О. Б.;Литература. Базовый уровень. 11 класс. Часть 1;75;0,18;Литература. Базовый уровень. 11 класс. Часть 1 (Лицензия 1 год)
99.99.99.99.99.99;DRF000000000421804;Дрофа;11;УМК Курдюмовой. Литература (10-11) (Б);Курдюмова Т. Ф., Колокольцев Е. Н., Марьина О. Б.;Литература. Базовый уровень. 11 класс. Часть 2;75;0,18;Литература. Базовый уровень. 11 класс. Часть 2 (Лицензия 1 год)
1.3.1.2.1.1;DRF000000000421663;Дрофа;10-11;УМК Бабайцевой. Русский язык (10-11) (У);Бабайцева В. В.;Русский язык. 10-11 классы;75;0,18;Русский язык. 10-11 классы (Лицензия 1 год)
1.3.1.2.1.2;DRF000000000421745;Дрофа;10;УМК Агеносова-Архангельского. Литература (10-11) (БУ);Архангельский А. Н., Бак Д. П., Кучерская М. А.;Литература. 10 класс. Часть 1;75;0,18;Литература. 10 класс. Часть 1 (Лицензия 1 год)
99.99.99.99.99.99;DRF000000000421805;Дрофа;10;УМК Агеносова-Архангельского. Литература (10-11) (БУ);Архангельский А. Н., Бак Д. П., Кучерская М. А.;Литература. 10 класс. Часть 2;75;0,18;Литература. 10 класс. Часть 2 (Лицензия 1 год)
1.3.1.2.1.3;DRF000000000421746;Дрофа;11;УМК Агеносова-Архангельского. Литература (10-11) (БУ);Агеносов В. В.;Литература. Углубленный уровень. 11 класс. Часть 1;75;0,18;Литература. Углубленный уровень. 11 класс. Часть 1 (Лицензия 1 год)
1.3.2.1.2.1;DRF000000000421640;Дрофа;10;"УМК Афанасьевой-Михеевой. ""Rainbow English"" (10-11) (Б)";Афанасьева О. В., Михеева И. В., Баранова К. М.;Английский язык. Rainbow English. 10 класс;75;0,18;Английский язык. Rainbow English. 10 класс (Лицензия 1 год)
1.3.2.1.2.2;DRF000000000421641;Дрофа;11;"УМК Афанасьевой-Михеевой. ""Rainbow English"" (10-11) (Б)";Афанасьева О. В., Михеева И. В., Баранова К. М.;Английский язык. Rainbow English. 11 класс;75;0,18;Английский язык. Rainbow English. 11 класс (Лицензия 1 год)
1.3.2.1.6.1;DRF000000000421707;Дрофа;10-11;УМК Шацких. Французский язык как второй иностранный (10-11);Шацких В. Н., Бабина Л. В., Денискина Л. Ю., Кузнецова И. Н.;Французский язык. 6-7 годы обучения. 10-11 классы;75;0,18;Французский язык. 6-7 годы обучения. 10-11 классы (Лицензия 1 год)
1.3.3.1.2.1;DRF000000000421528;Дрофа;10;;Волобуев О. В., Митрофанов А. А., Пономарев М. В.;История. Всеобщая история. 10 класс;75;0,18;История. Всеобщая история. 10 класс (Лицензия 1 год)
1.3.3.1.2.2;DRF000000000421609;Дрофа;11;УМК История (11);Волобуев О. В., Пономарев М. В., Рогожкин В. А.;История. Всеобщая история. 11 класс;75;0,18;История. Всеобщая история. 11 класс (Лицензия 1 год)
1.3.3.3.3.1;DRF000000000421527;Дрофа;10;;Никитин А. Ф., Грибанова Г. И., Скоробогатько А. В., Мартьянов Д. С.;Обществознание. 10 класс;75;0,18;Обществознание. 10 класс (Лицензия 1 год)
1.3.3.3.3.2;DRF000000000421568;Дрофа;11;;Никитин А. Ф., Грибанова Г. И., Мартьянов Д. С.;Обществознание. 11 класс;75;0,18;Обществознание. 11 класс (Лицензия 1 год)
1.3.3.4.4.1;DRF000000000421538;Дрофа;10-11;УМК Кузнецова. География (10-11) (Б);Кузнецов А. А., Ким Э. В.;География. Базовый уровень. 10-11 класс;75;0,18;География. Базовый уровень. 10-11 класс (Лицензия 1 год)
1.3.3.5.2.1;DRF000000000421628;Дрофа;10;УМК Холиной. География (10-11) (У);Холина В. Н.;География. Углублённый уровень. 10 класс;75;0,18;География. Углублённый уровень. 10 класс (Лицензия 1 год)
1.3.3.5.2.2;DRF000000000421629;Дрофа;11;УМК Холиной. География (10-11) (У);Холина В. Н.;География. Углублённый уровень. 11 класс;75;0,18;География. Углублённый уровень. 11 класс (Лицензия 1 год)
1.3.3.6.6.1;DRF000000000421690;Дрофа;10;УМК Хасбулатова. Экономика (10-11) (БУ);Хасбулатов Р. И.;Экономика. 10 класс;75;0,18;Экономика. 10 класс (Лицензия 1 год)
1.3.3.6.6.2;DRF000000000421691;Дрофа;11;УМК Хасбулатова. Экономика (10-11) (БУ);Хасбулатов Р. И.;Экономика. 11 класс;75;0,18;Экономика. 11 класс (Лицензия 1 год)
1.3.3.8.1.1;DRF000000000421529;Дрофа;10-11;;Никитин А. Ф., Никитина Т. И.;Право. 10-11 классы;75;0,18;Право. 10-11 классы (Лицензия 1 год)
1.3.3.9.1.1;DRF000000000421711;Дрофа;10;;Волобуев О. В., Клоков В. А., Пономарев М. В., Рогожкин В. А.;Россия в мире. 10 класс;75;0,18;Россия в мире. 10 класс (Лицензия 1 год)
1.3.3.9.1.2;DRF000000000421712;Дрофа;11;;Волобуев О. В., Клоков В. А., Пономарев М. В., Рогожкин В. А.;Россия в мире. 11 класс;75;0,18;Россия в мире. 11 класс (Лицензия 1 год)
1.3.4.1.8.1;DRF000000000421498;Дрофа;10;УМК Муравина. Алгебра и начала математического анализа (10-11) (Б);Муравин Г. К., Муравина О. В.;Алгебра и начала математического анализа. Базовый уровень. 10 класс;75;0,18;Алгебра и начала математического анализа. Базовый уровень. 10 класс (Лицензия 1 год)
1.3.4.1.8.2;DRF000000000421500;Дрофа;11;УМК Муравина. Алгебра и начала математического анализа (10-11) (Б);Муравин Г. К., Муравина О. В.;Алгебра и начала математического анализа. Базовый уровень. 11 класс;75;0,18;Алгебра и начала математического анализа. Базовый уровень. 11 класс (Лицензия 1 год)
1.3.4.1.8.3;DRF000000000421504;Дрофа;10-11;УМК Шарыгина. Геометрия (10-11) (Б);Шарыгин И. Ф.;Геометрия. Базовый уровень. 10-11 классы ;75;0,18;Геометрия. Базовый уровень. 10-11 классы  (Лицензия 1 год)
1.3.4.2.3.1;DRF000000000421499;Дрофа;10;УМК Муравина. Алгебра и начала математического анализа (10-11) (Б);Муравин Г. К., Муравина О. В.;Алгебра и начала математического анализа. Углублённый уровень. 10 класс;75;0,18;Алгебра и начала математического анализа. Углублённый уровень. 10 класс (Лицензия 1 год)
1.3.4.2.3.2;DRF000000000421505;Дрофа;10;УМК Потоскуева. Геометрия (10-11) (У);Потоскуев Е. В., Звавич Л. И.;Геометрия. Углубленный уровень. 10 класс;75;0,18;Геометрия. Углубленный уровень. 10 класс (Лицензия 1 год)
1.3.4.2.3.3;DRF000000000421501;Дрофа;11;УМК Муравина. Алгебра и начала математического анализа (10-11) (Б);Муравин Г. К., Муравина О. В.;Алгебра и начала математического анализа. Углублённый уровень. 11 класс;75;0,18;Алгебра и начала математического анализа. Углублённый уровень. 11 класс (Лицензия 1 год)
1.3.4.2.3.4;DRF000000000421506;Дрофа;11;УМК Потоскуева. Геометрия (10-11) (У);Потоскуев Е. В., Звавич Л. И.;Геометрия. Углубленный уровень. 11 класс;75;0,18;Геометрия. Углубленный уровень. 11 класс (Лицензия 1 год)
1.3.4.4.4.1;DRF000000000421509;Дрофа;10;УМК Фиошина-Юнусова. Информатика (10-11) (У);Фиошин М. Е., Рессин А. А., Юнусов С. М.;Информатика. 10 класс;75;0,18;Информатика. 10 класс (Лицензия 1 год)
1.3.4.4.4.2;DRF000000000421510;Дрофа;11;УМК Фиошина-Юнусова. Информатика (10-11) (У);Фиошин М. Е., Рессин А. А., Юнусов С. М.;Информатика. 11 класс;75;0,18;Информатика. 11 класс (Лицензия 1 год)
1.3.5.1.3.1;DRF000000000421667;Дрофа;10;УМК Касьянова. Физика (10-11) (Б);Касьянов В. А.;Физика. Базовый уровень. 10 класс ;75;0,18;Физика. Базовый уровень. 10 класс  (Лицензия 1 год)
1.3.5.1.3.2;DRF000000000421668;Дрофа;11;УМК Касьянова. Физика (10-11) (Б);Касьянов В. А.;Физика. Базовый уровень. 11 класс;75;0,18;Физика. Базовый уровень. 11 класс (Лицензия 1 год)
1.3.5.1.5.1;DRF000000000421524;Дрофа;10;УМК Пурышевой. Физика (10-11) (Б/У);Пурышева Н. С., Важеевская Н. Е., Исаев Д. А.;Физика. 10 класс;75;0,18;Физика. 10 класс (Лицензия 1 год)
1.3.5.1.5.2;DRF000000000421525;Дрофа;11;УМК Пурышевой. Физика (10-11) (Б/У);Пурышева Н. С., Важеевская Н. Е., Исаев Д. А., Чаругин В. М.;Физика. 11 класс;75;0,18;Физика. 11 класс (Лицензия 1 год)
1.3.5.2.2.1;DRF000000000421669;Дрофа;10;УМК Касьянова. Физика (10-11) (У);Касьянов В. А.;Физика. Углубленный уровень. 10 класс;75;0,18;Физика. Углубленный уровень. 10 класс (Лицензия 1 год)
1.3.5.2.2.2;DRF000000000421670;Дрофа;11;УМК Касьянова. Физика (10-11) (У);Касьянов В. А.;Физика. Углубленный уровень. 11 класс;75;0,18;Физика. Углубленный уровень. 11 класс (Лицензия 1 год)
1.3.5.2.3.1;DRF000000000421692;Дрофа;10;УМК Мякишева. Физика (10-11) (У);Мякишев Г. Я., Синяков А. З.;Физика. Механика. 10 класс;75;0,18;Физика. Механика. 10 класс (Лицензия 1 год)
1.3.5.2.3.2;DRF000000000421693;Дрофа;10;УМК Мякишева. Физика (10-11) (У);Мякишев Г. Я., Синяков А. З.;Физика. Молекулярная физика. Термодинамика. 10 класс;75;0,18;Физика. Молекулярная физика. Термодинамика. 10 класс (Лицензия 1 год)
1.3.5.2.4.1;DRF000000000421694;Дрофа;10-11;УМК Мякишева. Физика (10-11) (У);Мякишев Г. Я., Синяков А. З.;Физика. Электродинамика. 10-11 класс;75;0,18;Физика. Электродинамика. 10-11 класс (Лицензия 1 год)
1.3.5.2.4.2;DRF000000000421695;Дрофа;11;УМК Мякишева. Физика (10-11) (У);Мякишев Г. Я., Синяков А. З.;Физика. Колебания и волны. 11 класс;75;0,18;Физика. Колебания и волны. 11 класс (Лицензия 1 год)
1.3.5.2.4.3;DRF000000000421696;Дрофа;11;УМК Мякишева. Физика (10-11) (У);Мякишев Г. Я., Синяков А. З.;Физика. Оптика. Квантовая физика. 11 класс;75;0,18;Физика. Оптика. Квантовая физика. 11 класс (Лицензия 1 год)
1.3.5.3.1.1;DRF000000000421511;Дрофа;10;УМК Габриеляна. Химия (10-11) (Б);Габриелян О. С.;Химия. Базовый уровень. 10 класс;75;0,18;Химия. Базовый уровень. 10 класс (Лицензия 1 год)
1.3.5.3.1.2;DRF000000000421588;Дрофа;11;УМК Габриеляна. Химия (10-11) (Б);Габриелян О. С.;Химия. Базовый уровень. 11 класс;75;0,18;Химия. Базовый уровень. 11 класс (Лицензия 1 год)
1.3.5.3.2.1;DRF000000000421513;Дрофа;10;УМК Лунина. Химия (10-11) (Б);Еремин В. В., Кузьменко Н. Е., Теренин В. И., Дроздов А. А., Лунин В. В.;Химия. Базовый уровень. 10 класс;75;0,18;Химия. Базовый уровень. 10 класс (Лицензия 1 год)
1.3.5.3.2.2;DRF000000000421652;Дрофа;11;УМК Лунина. Химия (10-11) (Б);Еремин В. В., Кузьменко Н. Е., Дроздов А. А., Лунин В. В.;Химия. Базовый уровень. 11 класс;75;0,18;Химия. Базовый уровень. 11 класс (Лицензия 1 год)
1.3.5.4.1.1;DRF000000000421587;Дрофа;10;УМК Габриеляна. Химия (10-11) (У);Габриелян О. С., Остроумов И. Г., Пономарев С. Ю.;Химия. Углубленный уровень. 10 класс;75;0,18;Химия. Углубленный уровень. 10 класс (Лицензия 1 год)
1.3.5.4.1.2;DRF000000000421589;Дрофа;11;УМК Габриеляна. Химия (10-11) (У);Габриелян О. С., Лысова Г. Г.;Химия. Углубленный уровень. 11 класс;75;0,18;Химия. Углубленный уровень. 11 класс (Лицензия 1 год)
1.3.5.4.2.1;DRF000000000421651;Дрофа;10;УМК Лунина. Химия (10-11) (У);Еремин В. В., Кузьменко Н. Е., Теренин В. И., Дроздов А. А., Лунин В. В.;Химия. Углубленный уровень. 10 класс;75;0,18;Химия. Углубленный уровень. 10 класс (Лицензия 1 год)
1.3.5.4.2.2;DRF000000000421653;Дрофа;11;УМК Лунина. Химия (10-11) (У);Еремин В. В., Кузьменко Н. Е., Дроздов А. А., Лунин В. В.;Химия. Углубленный уровень. 11 класс;75;0,18;Химия. Углубленный уровень. 11 класс (Лицензия 1 год)
1.3.5.5.4.1;DRF000000000421555;Дрофа;10-11;УМК Пасечника. Биология (10-11) (Б);Каменский А. А., Криксунов Е. А., Пасечник В. В.;Общая биология. 10-11 классы;75;0,18;Общая биология. 10-11 классы (Лицензия 1 год)
1.3.5.5.7.1;DRF000000000421556;Дрофа;10;;Сивоглазов В. И., Агафонова И. Б., Захарова Е. Т.;Общая биология. Базовый уровень. 10 класс ;75;0,18;Общая биология. Базовый уровень. 10 класс  (Лицензия 1 год)
1.3.5.5.7.2;DRF000000000421557;Дрофа;11;;Сивоглазов В. И., Агафонова И. Б., Захарова Е. Т.;Общая биология. Базовый уровень. 11 класс;75;0,18;Общая биология. Базовый уровень. 11 класс (Лицензия 1 год)
1.3.5.6.2.1;DRF000000000421558;Дрофа;10;;Захаров В. Б., Мамонтов С. Г., Сонин Н. И., Захарова Е. Т.;Общая биология. Углубленный уровень. 10 класс;75;0,18;Общая биология. Углубленный уровень. 10 класс (Лицензия 1 год)
1.3.5.6.2.2;DRF000000000421559;Дрофа;11;;Захаров В. Б., Мамонтов С. Г., Сонин Н. И., Захарова Е. Т.;Общая биология. Углубленный уровень. 11 класс;75;0,18;Общая биология. Углубленный уровень. 11 класс (Лицензия 1 год)
1.3.5.7.1.1;DRF000000000421560;Дрофа;10;УМК Титова. Естествознание (10-11) (Б);Титов С. А., Агафонова И. Б., Сивоглазов В. И.;Естествознание. 10 класс;75;0,18;Естествознание. 10 класс (Лицензия 1 год)
1.3.5.7.1.2;DRF000000000421561;Дрофа;11;УМК Титова. Естествознание (10-11) (Б);Титов С. А., Агафонова И. Б., Сивоглазов В. И.;Естествознание. 11 класс;75;0,18;Естествознание. 11 класс (Лицензия 1 год)
1.3.5.7.2.1;DRF000000000421671;Дрофа;10;УМК Габриеляна. Естествознание (10-11) (Б);Габриелян О. С., Остроумов И. Г., Пурышева Н. С., Сладков С. А., Сивоглазов В. И.;Естествознание. Базовый уровень. 10 класс;75;0,18;Естествознание. Базовый уровень. 10 класс (Лицензия 1 год)
1.3.5.7.2.2;DRF000000000421672;Дрофа;11;УМК Габриеляна. Естествознание (10-11) (Б);Габриелян О. С., Остроумов И. Г., Пурышева Н. С., Сладков С. А., Сивоглазов В. И.;Естествознание. Базовый уровень. 11 класс;75;0,18;Естествознание. Базовый уровень. 11 класс (Лицензия 1 год)
1.3.6.1.4.1;DRF000000000421536;Дрофа;10-11;УМК Погадаева. Физическая культура (10-11) (Б);Погадаев Г. И.;Физическая культура. 10-11 класс;75;0,18;Физическая культура. 10-11 класс (Лицензия 1 год)
1.3.6.2.2.1;DRF000000000421540;Дрофа;10-11;УМК Черновой. Экология (10-11) (Б);Чернова Н. М., Галушин В. М., Константинов В. М.;Экология. Базовый уровень. 10-11 классы;75;0,18;Экология. Базовый уровень. 10-11 классы (Лицензия 1 год)
1.3.6.3.3.1;DRF000000000421533;Дрофа;10;УМК Латчука. ОБЖ (10-11) (Б);Латчук В. Н., Марков В. В., Миронов С. К., Вангородский С. Н.;Основы безопасности жизнедеятельности. 10 класс;75;0,18;Основы безопасности жизнедеятельности. 10 класс (Лицензия 1 год)
1.3.6.3.3.2;DRF000000000421582;Дрофа;11;УМК Латчука. ОБЖ (10-11) (Б);Латчук В. Н., Марков В. В., Миронов С. К., Вангородский С. Н.;Основы безопасности жизнедеятельности. 11 класс;75;0,18;Основы безопасности жизнедеятельности. 11 класс (Лицензия 1 год)
2.2.5.1.1.1;DRF000000000421698;Дрофа;5-6;УМК Гуревича. Введение в естественно-научные предметы (5-6);Гуревич А. Е., Исаев Д. А., Понтак Л. С.;Введение в естественно-научные предметы. Естествознание. Физика. Химия. 5-6 классы;75;0,18;Введение в естественно-научные предметы. Естествознание. Физика. Химия. 5-6 классы (Лицензия 1 год)
2.2.5.1.1.2;DRF000000000421562;Дрофа;5;;Пакулова В. М., Иванова Н. В.;Введение в естественно-научные предметы. 5 класс;75;0,18;Введение в естественно-научные предметы. 5 класс (Лицензия 1 год)
2.2.5.1.1.3;DRF000000000421563;Дрофа;5;;Плешаков А. А., Сонин Н. И.;Естествознание. Введение в естественно-научные предметы. 5 класс;75;0,18;Естествознание. Введение в естественно-научные предметы. 5 класс (Лицензия 1 год)
2.2.6.1.1.1;DRF000000000421530;Дрофа;5;УМК Даниловой. Искусство (5-9);Данилова Г. И.;Искусство. Вечные образы искусства. Мифология. 5 класс;75;0,18;Искусство. Вечные образы искусства. Мифология. 5 класс (Лицензия 1 год)
2.2.6.1.1.2;DRF000000000421631;Дрофа;6;УМК Даниловой. Искусство (5-9);Данилова Г. И.;Искусство. Вечные образы искусства. Библия. 6 класс;75;0,18;Искусство. Вечные образы искусства. Библия. 6 класс (Лицензия 1 год)
2.2.6.1.1.3;DRF000000000421632;Дрофа;7;УМК Даниловой. Искусство (5-9);Данилова Г. И.;Искусство. 7 класс;75;0,18;Искусство. 7 класс (Лицензия 1 год)
2.2.6.1.1.4;DRF000000000421633;Дрофа;8;УМК Даниловой. Искусство (5-9);Данилова Г. И.;Искусство. 8 класс;75;0,18;Искусство. 8 класс (Лицензия 1 год)
2.2.6.1.1.5;DRF000000000421650;Дрофа;9;УМК Даниловой. Искусство (5-9);Данилова Г. И.;Искусство. 9 класс;75;0,18;Искусство. 9 класс (Лицензия 1 год)
2.3.2.3.1.1;DRF000000000421532;Дрофа;10;УМК Даниловой. Искусство (10-11) (Б);Данилова Г. И.;Искусство. 10 класс;75;0,18;Искусство. 10 класс (Лицензия 1 год)
2.3.2.3.1.2;DRF000000000421573;Дрофа;11;УМК Даниловой. Искусство (10-11) (Б);Данилова Г. И.;Искусство. 11 класс;75;0,18;Искусство. 11 класс (Лицензия 1 год)
2.3.2.4.1.1;DRF000000000421731;Дрофа;11;УМК Воронцова-Вельяминова. Астрономия (11);Воронцов-Вельяминов Б. А., Страут Е. К.;Астрономия. 11 класс;75;0,18;Астрономия. 11 класс (Лицензия 1 год)
99.99.99.99.99.99;DRF000000000000000;Дрофа;10;;Потоскуев Е. В., Звавич Л. И.;Геометрия. Задачник. 10 класс;75;0,18;Геометрия. Задачник. 10 класс (Лицензия 1 год)
99.99.99.99.99.99;DRF000000000421503;Дрофа;7-9;УМК Шарыгина. Геометрия (7-9);Шарыгин И. Ф.;Геометрия. 7-9 классы;75;0,18;Геометрия. 7-9 классы (Лицензия 1 год)
99.99.99.99.99.99;DRF000000000421806;Дрофа;11;УМК Агеносова-Архангельского. Литература (10-11) (БУ);Агеносов В. В.;Литература. Углубленный уровень. 11 класс. Часть 2;75;0,18;Литература. Углубленный уровень. 11 класс. Часть 2 (Лицензия 1 год)